8.446812343969e-01,-6.690072344526e-01,-8.063055473777e-01,-1.195722447338e+00,2.111005940994e-02
6.252837716536e-01,3.694059547900e-01,-3.543440149031e-01,6.944010509967e-01,1.620949198658e+00
1.418031340127e+00,-1.405152368567e+00,-2.750418619120e-01,1.255480464821e+00,5.755323627939e-01
3.673171988810e-01,7.811944415308e-01,6.182996799833e-01,1.347267702828e+00,-2.172947729538e+00
-2.988295618034e-01,1.473762687001e-01,-2.653009210541e-01,-4.829698121725e-01,2.916852183554e-01
-9.596282065885e-01,2.369938434770e-01,-7.600456998184e-01,1.087080726893e+00,-1.449597993379e-01
4.807538954537e-01,1.894761509245e+00,-1.450126613445e-01,8.711515228653e-01,-9.326112281083e-01
1.003921552422e+00,1.466394497422e+00,-1.839976798940e+00,-8.674681168221e-02,2.358178473949e-02
1.290785725737e+00,-9.433048458431e-02,6.245079965025e-01,-1.310122373375e+00,1.070062395154e-01
-3.807802896584e-01,-2.206432556769e-01,-1.924111903054e-01,-1.027014171846e+00,1.139571304353e-01
3.017892360356e-01,5.463866981837e-01,7.463403127453e-01,-1.050212338776e+00,-9.012772936183e-01
5.764727666802e-01,1.171126086533e+00,-1.396048133096e-01,8.583127864981e-03,8.663713741364e-01
8.982198248733e-01,5.035235318996e-01,2.529762509771e-02,-6.498894667851e-01,-6.841858699940e-01
-9.560027836134e-01,-1.216779178418e+00,-5.027966201844e-01,4.372620981599e-01,-2.748061390190e-01
-7.165036400873e-01,1.725650158124e-01,-3.312271587637e-01,-6.474710731805e-01,-3.988599067913e-01
-1.546589153890e+00,1.485937638485e+00,3.946798989308e-01,-1.384807465318e-01,5.658421976368e-01
1.593646868116e+00,1.290138549525e+00,1.112612709259e+00,7.575581472598e-01,-7.518408611617e-01
6.532354815364e-01,-1.603902333916e+00,-5.287307619022e-01,-4.675970687024e-01,5.735713124695e-01
-1.565765546485e+00,-4.701116729682e-01,7.304269296843e-01,1.694306818122e+00,9.670763232277e-01
-1.161828618583e+00,8.348344818791e-01,7.660438494109e-01,-8.243179395081e-01,-3.453439519455e-01
-4.111244121740e-01,-5.387886849224e-01,6.619618691958e-01,1.415163565185e+00,-1.142835323569e+00
-1.105944724983e+00,1.037740769993e-01,-2.503453597804e-01,-6.002244601432e-01,-2.183803395302e+00
1.834405485445e-01,-1.515800103356e+00,7.952444758731e-01,6.466668802515e-01,-9.485229294313e-02
9.414208300390e-01,-1.520391662961e+00,2.340393923918e-01,-5.714742215542e-01,-1.626351835242e-01
-8.347809092043e-01,-3.653423332448e-01,-3.706908732643e-01,5.700917006577e-01,-1.640740375167e-01
-1.903837206064e-02,1.852279533001e+00,5.581170189064e-01,2.100733675964e+00,3.586674676698e-01
1.197218577045e+00,-1.271765289609e+00,-5.661705791406e-01,1.756392550753e+00,-4.932825712470e-01
-3.443585100081e-01,-1.959538021263e+00,-5.537857441639e-01,4.966411700873e-01,6.670738124202e-01
1.052136962448e+00,2.008262767681e+00,-3.404347427367e-01,1.755906713335e-01,9.826274872137e-01
-1.818664594705e-01,7.608034850872e-01,4.015956422569e-01,-1.004956765861e+00,1.110765939973e+00
1.036478083496e-01,-1.252903559236e+00,1.025222988829e+00,1.001224053236e+00,3.841853799172e-01
-6.266277457432e-01,-5.441690545725e-01,-2.206354311984e+00,-5.632231366775e-01,4.882871473398e-01
1.129335197020e+00,1.363853997073e+00,-8.671823251042e-01,-2.168247165186e-01,3.823361678330e-02
3.133867071164e-01,-6.143251842499e-01,-1.255598216981e+00,-6.266580095684e-01,-6.818133338657e-01
1.012180851222e-01,-1.290439161189e+00,-4.307176470665e-01,5.110954810535e-01,-2.669778556360e-01
-1.424277438665e+00,-7.292880238316e-03,-1.477594580956e+00,-9.531888778367e-01,4.686623374709e-01
-1.359017087836e+00,-9.599745795341e-01,-2.615901546673e+00,-1.500535965014e+00,1.379074457621e-01
-1.782547235186e+00,-1.268953038131e+00,2.504605021404e-01,1.001340963717e-01,-8.889620372249e-01
-4.128914287572e-01,-8.384882660035e-01,1.755058548477e-01,2.527807496549e+00,6.368046475723e-01
5.547751965236e-01,1.240023033467e+00,1.599659061527e+00,-2.450445239526e-01,-9.505012866738e-02
1.508271368488e+00,-8.140501505067e-02,3.715216153562e-01,-1.463879428370e+00,-3.892908902038e-01
5.017897910850e-01,8.342030706476e-01,-5.366949531368e-02,3.054763347095e-01,-1.774183498546e+00
-1.198175608860e+00,-8.839215430141e-01,-1.144002641615e+00,-2.632123508513e-01,8.470347443944e-01
1.117555548160e+00,1.644884162541e-01,9.947360434652e-02,-3.177946481094e-01,2.307543950282e-02
-1.338806399012e+00,1.719686499061e+00,-7.981272077306e-03,1.734094750405e-01,5.075161600779e-01
2.614510830929e+00,6.432948092043e-01,4.139318345737e-01,9.619388472409e-01,-9.005655167831e-01
-2.661555041274e-01,9.530134994019e-03,6.758627739965e-03,-7.899271441144e-01,1.286348398656e+00
1.630294481620e+00,1.425922794978e+00,-2.859182185724e-01,-1.407941843033e+00,8.144246922038e-01
-1.501138678991e+00,-5.126641027270e-03,6.453125984620e-01,1.449865517542e+00,9.892836520477e-01
5.577311946213e-01,1.210813920873e-01,-6.451821273204e-01,-8.983842298482e-01,-1.060634625075e-01
1.729172646331e+00,-7.548038032651e-01,-4.407554060194e-01,9.432807037385e-01,-1.132933923411e-01
-9.685628916177e-01,-5.008774250262e-01,-2.441929618470e-01,1.967365776849e-01,-1.727183708614e-01
2.114331781244e+00,-1.962070807746e-01,-5.083869129623e-01,1.921962276502e+00,-1.897260247676e-01
-1.712660272542e+00,-6.236447053586e-01,-6.923118124278e-01,1.382419264063e+00,-1.323172250033e-01
-1.183970189154e+00,5.416137204636e-02,1.351760565739e+00,-2.128282121422e-01,6.730132961026e-01
3.483744815494e-01,-1.531266917666e-01,-2.484100617368e-01,5.691117243359e-01,-1.432993599517e+00
-6.272604652279e-01,-1.468780181578e+00,6.108380948946e-01,6.658975471133e-01,-8.241835699568e-01
-6.119542857697e-01,-1.865057807228e+00,9.814288369368e-01,-1.067016121548e+00,-9.852243374232e-01
-2.554012086160e-01,-8.097856068425e-03,-2.135814595445e-01,4.864229849882e-01,5.144816024350e-01
2.060605987341e-01,-7.037050180831e-01,-7.166324794784e-01,-4.900959001693e-01,-1.352297508518e+00
7.587852187491e-01,1.331930220908e+00,-5.990447832453e-01,-8.549669132287e-01,1.339505926539e-01
1.099614842235e+00,-2.661893913976e-01,1.062750932782e+00,1.295431766075e+00,8.413232663408e-01
-6.135185455970e-01,-1.106212652494e+00,-1.073061422363e+00,1.223808236343e-01,8.514642486573e-01
-4.074824916520e-01,9.535482123690e-02,8.126427416074e-01,-8.464898076055e-01,3.437617216708e-02
6.334258870857e-01,-1.468643336315e-01,-1.548531663379e-01,-1.610119375109e+00,-9.892822401602e-01
-1.460625269128e+00,-3.729782645947e-01,2.892736060308e-01,-5.354230791587e-01,1.488463069109e-01
-1.476180165101e-01,-1.486313070824e+00,4.371376772312e-01,-1.872156589650e+00,-1.086587180282e+00
3.106080723697e-01,-2.598649350670e-01,1.582273327903e-01,-1.513820742898e+00,-5.704814638735e-01
-5.800577414318e-01,1.588253206828e-01,-1.116980355673e+00,2.948664613082e+00,-9.760050657087e-01
-1.067478991115e-01,-6.886372452305e-01,5.143713893920e-01,-7.720009638007e-01,-3.383582950927e-01
9.287212003961e-01,-5.794840942377e-02,8.202760439790e-01,-6.770079432441e-01,2.839688536350e-01
-2.793173097031e-01,-5.353899312035e-01,-1.593642508402e+00,-7.233854234730e-01,2.350844400577e+00
8.723695480474e-01,2.932737586239e-02,-2.159269582139e+00,1.008112938206e+00,-7.530190947133e-01
2.925871154604e-01,-7.791816779801e-02,7.813463156109e-01,-5.275375929489e-01,-2.458217005956e-01
-7.260448021779e-01,-1.589790376634e+00,3.703746658324e-01,6.709761618319e-01,1.654533296067e-01
3.126473032432e-02,-5.192522824821e-01,-5.923264441687e-01,-6.807151730461e-01,-1.199052494227e+00
5.799117219088e-01,1.087484871019e+00,-1.490070552319e-02,1.683600152128e-01,-1.515849251670e+00
-1.545091517097e+00,-1.906503561767e+00,1.324170543740e+00,9.061428164827e-01,-1.296734875021e-01
-7.002061410393e-01,-2.457632263403e-01,-1.387094070286e+00,2.021315530687e-01,1.294884349142e-01
-2.279848283319e+00,-1.828646412136e+00,-4.972148742635e-01,9.253295495414e-01,3.193152258173e-01
4.228021466605e-01,1.337729657120e+00,-5.347926986442e-01,-5.066785984215e-01,-6.362049724142e-01
3.349008359682e-01,3.019204024058e-01,-1.239613616295e+00,1.669271295882e+00,1.968365554093e-01
-3.052393769209e-01,-1.147587330039e+00,1.274944478589e+00,-2.697702871487e-01,6.771593634402e-01
7.005545491139e-01,1.370323855159e+00,-1.430819879347e-01,-1.163835554856e+00,-2.414106130954e+00
-8.200955669253e-01,-1.422489432025e+00,4.773206532818e-01,9.544161523665e-02,-3.744939304431e-01
-3.718250327180e-01,-2.053701497429e+00,1.065917456289e+00,-4.640850487252e-01,-1.313408472578e+00
2.377732235686e-01,-6.169115215792e-01,-3.557042376923e-01,-1.696756287323e+00,-7.137459201664e-01
7.101578437309e-01,-7.293318242182e-01,-1.810696999762e-01,5.435606412702e-01,-1.547532630896e-01
-1.699411464252e+00,-1.065110530101e+00,1.720690339755e-02,1.239398304753e+00,-4.335868898098e-01
9.082979811355e-01,-2.123451024132e-01,2.116079632199e+00,-1.695995011704e+00,-8.509663044496e-01
-5.939554269141e-01,1.330361316411e+00,-1.553920904478e+00,7.605958965910e-01,-1.958325506121e+00
1.387034607895e+00,9.574541858992e-01,7.120960211482e-01,1.317302946306e+00,1.788504224472e+00
-3.643660325456e-01,1.745946091685e-01,5.355932684686e-01,-1.442723626773e-01,-1.454002269071e+00
-3.737805181583e-01,3.607742583794e-01,7.783837537505e-01,-1.058365107482e+00,1.616044705506e+00
1.984341843405e-01,9.374557807683e-01,6.331995939796e-01,-1.788236044956e-01,-7.240513502002e-01
-3.246082315441e-01,4.613196752770e-01,6.466864269601e-01,-2.975676453637e-01,4.198319344687e-01
-2.543680011393e-01,1.933464306768e+00,-4.231474792291e-01,4.308731746176e-01,-2.489765829035e-01
-4.329625120958e-01,-2.086669892542e+00,-3.669346585847e-01,-2.273852370035e-01,-3.434825128519e-02
-4.092954365018e-01,-1.947860646261e-01,-1.300957056837e+00,-2.600451389853e-01,-1.043099390842e-01
4.890174365817e-01,9.601735230833e-02,8.651433551110e-02,-4.207839139531e-01,-1.006855319007e+00
1.639108500111e+00,-8.364718083962e-01,-1.775971793305e+00,2.145455861731e-01,5.622935707635e-01
2.330715313824e+00,2.213357783271e-01,-6.899061087983e-01,8.382529089383e-03,2.489228126893e-02
7.087901553015e-01,-4.891671305954e-03,3.821609350034e-01,-3.873822434807e-01,-9.650133621642e-01
2.830500720457e-01,-1.279078100498e+00,6.337740786854e-01,1.515491724385e+00,-1.027167858008e+00
-3.425919280270e-01,-3.349045173818e-01,-1.157474041442e+00,1.140398837631e+00,1.469615807225e-01
3.318312670945e-01,2.796144915294e-01,-3.224864880755e-01,1.021771520266e+00,-2.459362333854e-01
9.206684096896e-01,6.920775855478e-01,3.233414608906e-02,-8.309622285789e-02,-5.473608243120e-01
2.050409210223e+00,-5.045789053825e-01,-1.536800381397e+00,-2.728548037799e-01,3.256267790777e-01
1.161305534780e+00,-1.010139176442e+00,-1.125140070685e+00,-5.921136009036e-01,1.516842295236e+00
-5.663781745484e-01,-1.960121420851e-02,5.099729578591e-01,-6.379847700291e-01,-1.173874272122e-01
4.224534782777e-01,-8.637880516017e-01,6.961185834584e-01,-3.746750088758e-01,-2.669197196184e-01
-4.645823393782e-01,-9.593515439322e-01,-3.259890452910e-01,-5.198614990727e-01,3.295726425265e-01
2.930478418947e-01,8.948215441372e-01,2.479007677789e-01,1.777218206288e+00,5.073991480374e-01
1.016416299221e+00,-1.059959546079e+00,2.783147250151e-01,-3.860284887456e-01,-8.965040229072e-01
4.515062782427e-01,-6.047346388218e-01,-1.154992977678e+00,9.403042904784e-01,6.578940619719e-01
2.333272401937e-01,-1.307853480735e+00,7.047079728288e-01,-7.280254712880e-02,3.222708153284e-01
-1.329481238541e+00,9.671904151342e-01,9.761273634707e-01,-2.756806765557e-01,7.564806079032e-01
8.844765361503e-03,3.076663580077e-01,-6.199631952986e-01,3.182723210556e-01,-1.869250786799e+00
-2.802666518086e+00,-4.929503533468e-01,9.500526619893e-01,4.393244104221e-01,7.368198590454e-01
3.476234245055e-01,-7.639722978600e-01,-2.906215847976e-01,-3.592883058078e-02,8.578036365444e-01
2.087935498133e+00,-1.325501333775e+00,-2.206464454471e-01,-8.943375576463e-01,-4.709910741140e-01
-1.062420455673e+00,-4.608943943786e-01,-8.310586995267e-01,2.489842079142e-01,2.111847066971e+00
-1.875269680855e+00,7.558199353372e-01,3.985872833405e-01,3.205729662942e-01,-5.485956682350e-01
-1.007573786500e+00,1.838092744142e+00,1.436119414752e-01,-2.118351802890e-01,1.017137302282e+00
4.422999113123e-01,3.699348500705e-01,9.380736431950e-01,-2.147716334535e+00,4.555901460448e-01
-6.356989622109e-01,-4.013848326253e-01,7.624226804935e-02,-1.236680425186e+00,5.739684070437e-02
-9.818374228847e-01,-3.503568250055e-01,5.391438008739e-01,4.060688780338e-01,5.305681971088e-01
1.101412008345e+00,-1.356356760998e+00,2.306678682931e-01,-1.933847941286e-02,-1.046955290240e+00
-4.910992626549e-01,-1.088748898225e+00,-1.286228411891e+00,-1.318599295541e+00,-8.355934272102e-01
3.544836534358e-01,-7.407910384446e-01,-2.963434637377e-01,-3.314257012156e-02,-1.597446604702e-01
4.172648418979e-01,-8.516246889171e-01,1.290459686554e-01,2.645837322645e-01,-8.662988603287e-01
-6.523230233311e-01,1.012327971845e+00,-1.528625503910e+00,2.217783286861e-01,-7.910089349606e-01
3.708514780704e-01,9.218013623700e-01,-1.531570528245e+00,2.632565237584e-02,9.507377422238e-01
7.841806242470e-01,7.120174672331e-01,4.316898877782e-01,-1.302483963691e+00,1.867217046038e-01
5.413133720777e-02,-4.681952944442e-01,3.838132129401e-01,-3.337097912092e-01,3.785141257649e-01
-2.629651177982e-01,-1.113718381445e+00,3.628025167680e-01,-1.256390182374e+00,5.934970690078e-02
-6.934376883568e-01,4.848670876935e-01,3.721400707898e-01,-1.062935845510e+00,-1.186020475473e+00
-2.270534864081e-01,-1.840494376709e+00,7.426221389759e-01,-2.111931922041e+00,3.846765574465e-01
9.290712946943e-01,-7.956783361803e-01,-1.908969033486e+00,-7.603293043093e-01,-1.638516170676e+00
-2.049260203510e+00,-6.472279351094e-01,6.534206430929e-02,-1.299953546630e+00,1.911643362673e-01
-1.671220233639e+00,-1.871113478889e+00,-9.545768556309e-01,-4.313428565545e-02,-1.201426962486e+00
5.799869279579e-01,1.243207010807e+00,-1.435003418152e+00,-2.342986923691e+00,-2.026018075697e-01
-6.046211216123e-01,1.396694481962e+00,4.103219139020e-01,-1.490609270155e+00,1.319086662576e-01
6.716891681831e-02,-4.783561032651e-01,-6.307672239928e-01,-7.994595163524e-01,-1.785208669635e-01
-1.558026760039e-01,-9.193046159867e-01,-6.894918302244e-01,-1.123058203711e+00,8.873553136306e-02
2.322693867422e-01,-9.161927787221e-01,1.187951082829e+00,-1.198964831350e+00,-9.716542365784e-01
-1.207632216327e+00,-6.900317758923e-01,-8.858852391150e-01,-2.968961646028e-01,1.640966992127e-01
-6.136353293613e-01,2.501587643232e+00,-7.193187860125e-01,-4.375120450447e-01,1.221660972164e-01
-7.557745732089e-01,3.873771509244e-01,-1.060344781145e+00,1.365575861706e+00,4.901172977235e-01
-5.847598236506e-01,-5.812119705687e-01,8.248257468290e-01,-2.026635285188e-01,5.644789640571e-01
7.980104589691e-01,1.578407227323e-02,-6.356718577234e-01,8.016787802373e-01,1.112203442120e+00
1.655808280881e+00,3.567207323767e-01,-1.009849711196e+00,-1.463627561644e-02,-2.801946907650e-02
1.214416470329e+00,1.476071802375e+00,-2.840633592130e-01,2.446083858019e+00,4.967573559282e-01
-1.690281510818e+00,1.075278551340e+00,-4.370093190933e-01,1.506889784003e-01,2.449625517977e+00
-1.872335850983e-01,-2.366336803910e+00,-1.089865675558e+00,-1.689090750090e-01,4.756966117382e-01
3.711894744055e-01,-2.037795338944e+00,2.582785714430e+00,-1.304810548082e+00,3.092078469238e-01
-9.224570076085e-01,1.426981157955e+00,1.328808608881e+00,-4.808263753811e-01,-5.258469431788e-01
6.551591637671e-01,-6.812114374884e-01,1.289832508526e+00,2.036815728731e+00,5.506725560225e-01
2.128757471119e+00,-9.126031078352e-01,-1.216581418981e-01,2.202639560225e-01,1.582428095187e-01
2.086297963624e-01,-6.854512838949e-01,7.402428495899e-01,4.116096189335e-01,-9.218136281554e-01
-6.460740971315e-01,-1.168913812517e+00,8.159961440452e-01,-3.460342570307e-02,-1.097666341249e+00
-7.644290470559e-01,-4.934678541277e-03,1.311399371184e+00,-2.535463416246e-01,1.188239306590e-01
-1.131442898501e+00,2.493789898472e-01,-8.946185092854e-01,-4.968601114731e-02,-3.972760082395e-01
-1.183609930266e+00,-7.711977546777e-01,-2.257413312879e-01,7.679790277105e-01,-1.032139584265e+00
-3.691765084448e-01,3.370951946743e-01,-3.465749256101e-01,-4.472225375211e-01,-9.139587538310e-01
-2.138406137246e-01,-7.123175901299e-01,-7.847136499321e-01,-2.188699033943e+00,1.543889627388e-01
-1.519539091267e+00,7.836837565993e-01,1.079280738263e+00,9.763237633360e-01,3.593025065684e-02
-8.112940602164e-01,2.139003971310e-02,4.754233759562e-01,9.621087721964e-01,9.833691104910e-01
1.547237644809e-01,1.514299054020e+00,-6.915372133002e-01,-2.130464919974e+00,-7.519257928008e-01
5.520400731372e-01,-1.747578664793e-01,-1.524606929529e+00,-1.501404173943e+00,2.461816394881e-02
9.900247458690e-01,9.978606722416e-01,-7.512787818711e-01,-6.619053653203e-01,3.687507961997e-02
1.207502873100e+00,1.707521318185e+00,-2.854658166024e-01,8.030393045997e-01,-1.248487291871e+00
3.099777377077e-01,1.070191025121e+00,-4.060595870620e-02,6.042145086131e-01,-6.629625597114e-01
-4.179115678008e-01,-1.333968812360e-01,1.949722210241e-01,7.243730090131e-01,4.156384999653e-01
1.499400544016e+00,-9.289533258675e-01,5.150167803148e-01,1.310228152494e+00,3.935800762621e-03
-8.616717233668e-01,4.837970046543e-01,-4.680714334511e-01,-9.743011814619e-01,6.963275856639e-01
-2.675924754450e-01,6.704858502965e-01,1.189568899301e+00,4.683986638317e-01,-8.651083497534e-02
4.259875569609e-01,8.075158335232e-01,-4.286003846632e-01,3.668474066248e-01,-1.174212267463e+00
-1.442576388506e-01,3.235697943381e-02,6.981142717032e-01,1.170795104061e+00,-5.178335504654e-01
1.010553613699e+00,-1.159810572769e+00,-1.032859561892e+00,4.061502541992e-01,-9.483800009114e-01
5.854179062421e-01,1.353951606219e+00,1.575590813297e+00,1.722468266935e+00,7.469206474787e-01
4.744518074889e-02,-2.752290759643e-01,-2.963443176060e-01,8.106048830599e-01,-6.767627716729e-01
-1.237350436247e+00,2.108091862474e+00,-1.231983145314e+00,-7.655503611921e-01,-4.180563775093e-01
3.515712400796e-01,-1.354071058780e+00,-5.662314893732e-01,4.467108879588e-01,3.070528684017e-01
-9.713788184167e-02,-1.028608806300e+00,-1.720057218734e+00,1.564055149723e+00,-1.908170572994e-01
7.110265409484e-01,-1.510385634208e-01,7.591403597364e-01,-1.363372791730e+00,-3.112416370909e+00
-1.012805237177e-01,1.178305072960e+00,6.169968731109e-01,3.396676592000e-01,1.122429330678e-02
2.813494011676e-01,-2.680344431787e-01,1.646842737337e+00,1.118293825886e+00,2.616124479233e-01
4.334642504775e-01,2.051744531102e+00,-4.331273916722e-01,-1.523002399340e+00,2.784108546013e-01
-8.703615147146e-02,-6.903626450084e-01,-1.621631869662e-01,1.481991908050e-01,-1.724892982170e+00
-4.219903475935e-01,9.517792910012e-03,-3.909629795292e-01,7.191590940462e-01,-1.843370003994e+00
-2.146103915987e-02,9.077417378379e-01,-2.972002421093e-01,2.141589601535e-01,3.959203517878e-01
8.130120922800e-01,2.684027623304e+00,-1.691163416904e+00,7.239768386579e-01,-9.976829068774e-02
1.041759113436e+00,-2.059445604568e+00,3.040203780543e-02,1.384069751585e+00,-1.666655487899e+00
4.644563926144e-01,8.237183420083e-01,3.840341378830e-01,1.918257840208e-01,-8.976557205355e-01
2.614046240246e-02,-2.949246980212e-01,-8.417672075864e-02,1.063326743397e-01,-3.784894327651e-01
1.812164464407e+00,-1.774080147446e+00,-5.750778674179e-01,-5.350515250031e-01,-2.160468648339e-01
-8.704022766176e-01,6.097377252341e-01,4.370228898377e-01,2.207597531229e+00,-2.626606823720e-01
-9.405334698019e-01,5.191999529840e-01,4.685853396519e-01,-8.406760267549e-01,-9.534610736667e-01
-3.417432093939e-02,-5.944996180062e-01,6.876628391349e-01,6.701261724151e-01,-1.856524540122e-01
1.355794389176e+00,4.688491388850e-01,3.829894836303e-01,6.574357213090e-01,1.396274941892e-01
2.262161010713e-01,1.078514583765e+00,7.887086087496e-01,-6.648126633888e-01,-3.848818425389e-01
-2.230841625482e+00,1.199964451309e+00,9.738647375541e-01,1.188296337762e+00,-5.627101711724e-01
2.510130596302e+00,6.049416686835e-01,-4.410687714598e-02,1.385637362910e+00,3.315592947352e-01
-9.872038238511e-01,-5.333612815066e-02,-8.531466957042e-01,4.520077271840e-01,9.093672272551e-02
-2.196443824274e-01,-1.209691593499e+00,-1.071431406115e+00,-3.895936603878e-01,4.457632545853e-01
-6.145732561402e-01,-3.520524890649e-02,-8.905963423605e-01,-2.383697518348e-01,-5.691449211048e-01
-5.784019401348e-01,1.718987785894e+00,1.378180280403e-01,-1.411763194318e+00,1.756368766229e+00
-1.399628057315e+00,7.391121449247e-01,-1.265891940979e+00,-5.158847795861e-01,-1.078921771684e+00
2.879739391210e+00,1.689991677536e+00,5.662720220809e-01,7.093118217853e-01,2.297149993415e+00
6.873226653271e-01,-2.924591249592e-01,4.134565642323e-01,-5.294495111380e-01,-4.559203978407e-01
-3.637426095216e-03,8.429185899848e-02,-1.118941288629e-01,1.336920855081e-02,1.419433678323e-01
-5.497466393975e-01,-1.608151375274e-01,-1.415173741741e+00,-9.483404933120e-01,2.388860128160e-01
7.203582066347e-01,1.743650042270e-01,-4.377100151337e-01,6.751601848236e-01,4.322307709459e-01
-2.650153507448e-01,9.575561506536e-01,3.607104232509e-01,-7.265369835229e-01,-2.635971374142e-01
1.444220917337e+00,-7.313602079229e-01,8.197761306796e-01,3.634950849067e-01,-3.164813454376e-01
1.775975762775e+00,1.144384742014e+00,-3.231665914653e-01,2.913744268612e-02,6.891431102736e-01
-6.503779104028e-01,7.179321177945e-01,6.340137722318e-01,6.376714159274e-01,-3.394775207514e-01
-1.301565654478e+00,-1.704194473234e+00,-1.184392198468e-01,8.926959281294e-01,-8.229236184512e-01
-8.309885376834e-02,-2.285932097257e+00,6.515795492435e-01,-5.020790487545e-02,-4.580228884313e-01
2.006386229694e+00,-7.847741533587e-01,3.630353316096e-01,-8.479399252763e-02,-1.373611573940e+00
3.049219062149e+00,6.096039735268e-01,-4.257547489968e-01,-8.908653281788e-01,5.952226522090e-02
7.670788174002e-01,-9.326735824490e-02,4.279555662871e-01,1.000166363812e+00,-1.177452209666e-01
-4.529356052745e-01,5.585222764126e-01,6.795409849747e-01,-8.647268286157e-01,-1.273849508610e+00
1.988135933974e+00,-8.897281147055e-02,-2.006435730115e+00,5.465960527005e-01,6.439837512861e-01
1.292778782382e+00,-4.198338371654e-01,8.014813641738e-01,-1.882541995808e+00,1.957029740856e+00
9.995078036550e-01,9.226547087429e-01,-1.208499403844e+00,2.446183284572e-02,-4.835572618804e-01
6.406716397648e-01,3.045590682247e-01,-7.226909171707e-01,-5.374683704617e-01,-7.198561254646e-02
6.602635827968e-01,1.350227489606e+00,6.091135768819e-01,-6.395264794543e-01,-2.145329053264e+00
7.868991119928e-01,8.530478710161e-01,-6.827258742067e-02,1.357308488610e+00,1.143569792177e+00
-1.497207015630e-01,1.310160271842e+00,-1.350766422301e+00,3.692528002768e-01,1.127689687410e+00
2.139837647586e+00,-7.215156206285e-01,6.040736740966e-01,2.464509938237e+00,-2.377883856117e-01
9.053908310222e-01,-5.001418100235e-01,3.422539301194e-01,-5.310255100690e-01,-1.786236244452e+00
5.532769138134e-01,1.075301370728e+00,-4.615459596144e-01,-4.400897651789e-01,-1.349223847268e+00
-1.652913393084e+00,1.056490396409e+00,-1.113480127517e+00,5.565438051242e-02,-3.302835562188e-01
-1.360279809383e-02,4.929279091795e-02,-4.983251628316e-02,5.906682606267e-01,-1.242648960866e+00
5.412774094624e-01,-3.478965300507e-01,9.350080972941e-01,4.506763662519e-01,-5.829896441101e-01
-7.854397961828e-01,1.646129402862e-01,3.854650256057e-01,-3.725325796940e-01,-1.870079333620e-01
2.117068278124e+00,6.520945525410e-01,-8.086457886987e-01,-4.271138569514e-02,-1.187018969008e+00
-2.535827377168e-01,7.899785891359e-01,2.351094832712e-01,-2.427354639697e-01,-1.319356768594e-01
-2.575346444372e-01,-1.443159422665e+00,1.039681038822e+00,2.162537426974e-01,1.815379699920e-01
8.400398082495e-01,-1.697415554527e-01,-3.022217651324e-01,-2.336869210414e-01,-1.766458711983e+00
1.917175637932e-01,4.561037552154e-01,-2.239570799075e-01,5.093842178858e-03,1.266638789186e+00
-4.284024495182e-01,-1.792275016065e+00,2.478258142183e-01,8.409466884681e-01,-6.513110055395e-01
7.502690357708e-01,6.514961109124e-02,1.739461642733e+00,6.396973569971e-01,-2.466694458493e-01
-1.738508979100e-01,1.968273428150e+00,-5.668367994566e-01,5.081539286492e-01,9.783548036962e-01
2.964262867051e-01,1.127219829012e+00,-4.535173249821e-01,-1.248066907892e+00,8.723395263852e-01
5.282656404815e-01,-1.013899702830e+00,3.353895984572e-01,6.206455924175e-01,-3.508945042948e-01
-9.082567458580e-01,-3.431279475898e-01,1.052112558798e+00,-1.031349136878e+00,1.465282448884e-01
-3.806656678878e-01,-2.012718254230e+00,1.405455137183e+00,-1.482013768512e-01,7.757263384297e-01
1.235180204682e+00,3.752792634312e-02,-8.709876424914e-01,1.271067100032e+00,-6.715171553318e-01
1.079336384428e+00,-1.406880949542e+00,-1.167962501245e+00,1.084428975699e+00,4.742806657228e-01
2.361856258725e+00,8.888413135160e-01,-1.877991275859e-01,-5.700102076348e-01,1.458742840517e+00
5.192867863327e-01,7.362651363277e-02,1.525315786287e-02,-6.398397751352e-01,-2.429385530156e-01
-2.127938169252e+00,-1.257725541681e-01,7.735183553927e-01,1.184792233555e+00,-1.236593704345e+00
9.361846319108e-02,1.237272257964e+00,4.609898651345e-01,-9.451617509355e-01,1.576551989897e+00
8.969388474570e-01,-3.784994590847e-01,-1.024974818332e+00,-9.906238738470e-01,-1.335517352844e+00
-7.184215317691e-01,1.191683856809e+00,3.056692539708e-01,8.139686143298e-02,-8.679491463681e-01
-2.643610746001e-01,9.193832422223e-01,7.451200958828e-01,-6.110349212754e-01,8.524477183924e-02
8.226184470257e-01,9.963399363790e-01,1.465406959962e+00,-2.239844630598e-01,3.172423413331e-01
1.318580272312e+00,1.544369671022e+00,-9.383139539181e-01,-1.005304195141e+00,1.113332515015e-02
3.202103454146e-01,-1.973511081999e+00,-1.830490550127e-01,1.279191311234e-01,-1.928483755756e+00
8.360625698971e-01,1.207716033876e+00,2.964453289564e-01,-4.347871782659e-02,2.490670977915e-01
2.357153640716e-01,1.208740013947e-01,4.465643240674e-01,6.129484857417e-01,1.641785508878e+00
-3.055531138552e-01,1.472734598539e+00,3.998887408092e-01,6.883300002591e-01,-2.517145031152e-01
-1.807595444706e-01,-5.831461212470e-01,-3.871571412630e-01,-3.091518863896e-01,7.872468374892e-02
-2.545827673138e-01,4.752586976294e-01,4.793932301061e-01,-1.367864940680e+00,-1.565749640787e+00
-6.570855761440e-01,-4.137434792886e-01,-5.753143570664e-01,1.361551755753e+00,4.480628373989e-01
-1.759975567500e+00,-2.559057170632e-01,8.079688871070e-01,1.772887345089e+00,-2.255248146930e+00
-6.165965093437e-01,-1.507411555308e-03,1.376825853958e+00,-7.004031730180e-01,1.126453806356e+00
6.447314407248e-01,1.791823297532e+00,1.395670372665e+00,4.957220562880e-01,-7.421686413348e-01
-1.427873491601e+00,6.740625810185e-01,1.489380650872e+00,-2.020462736582e-01,1.299850700383e+00
2.943578571352e-01,-2.132867487591e+00,1.017069971355e+00,2.379383299264e-01,-5.105780822689e-01
4.371253965267e-02,8.380903233641e-02,2.640778049884e-01,1.537191882903e-02,-1.100013832094e+00
1.533721209919e+00,-1.698246456737e-01,9.303237696426e-01,-1.988656296621e+00,4.245280348203e-01
1.129659592965e+00,-1.609421912849e-01,-4.987996999293e-01,4.544577627813e-01,-1.717823037860e+00
-9.263268973795e-01,-7.139696874760e-01,1.417933322250e+00,6.539897637767e-01,-5.376120928016e-01
2.375141579367e-01,1.677660825099e+00,-1.087405996386e+00,-6.737249639106e-01,-2.498192346020e-01
1.466439777283e+00,-1.173575057879e+00,-1.731667185473e-01,1.087148373058e-01,-1.155284754867e+00
-4.014532666325e-01,5.220056857014e-01,2.169087138985e+00,-6.489703245877e-02,-1.140906103053e+00
1.387636061861e+00,-8.212086051957e-01,9.759764230598e-01,8.811761265845e-01,1.295573425216e+00
3.140331203588e-01,-1.097600072967e+00,1.216986767414e+00,1.171998597788e+00,2.438328313772e-01
-1.591823711025e-01,-1.519153078662e+00,-5.804231773108e-01,-1.465467170898e-01,1.142149580969e+00
-1.435076255098e-01,1.505964182902e+00,7.471346657632e-01,-5.892222862567e-01,6.045134055729e-01
-1.164624329875e+00,-4.240906968056e-01,3.534726698071e-01,2.412322652378e+00,9.946503141811e-01
8.678780181106e-01,-1.163607068791e-01,-5.474866831448e-01,-7.847288501415e-01,6.917739627581e-01
8.398932766742e-01,-1.602497776156e+00,1.124293885912e-01,-1.102493804148e-01,-6.708411688501e-01
2.225541016858e+00,-1.155373321570e+00,9.753739177799e-03,2.824474653779e-01,4.731592623401e-01
-9.845250761093e-01,-2.137971657614e+00,1.820808679738e+00,-6.512630990111e-01,3.732253760579e-01
-5.022924430608e-01,-1.012601480096e+00,1.009297059170e+00,-5.954014574733e-01,4.549106330997e-01
-1.730109487477e+00,7.759006128527e-01,-2.068225596559e+00,-9.411837066593e-02,-2.148332713263e+00
-1.056028968016e+00,3.198583720384e-01,-3.571953193363e-01,-3.729629355286e-01,6.825242440464e-01
7.561989654270e-01,-1.102778334493e-01,2.453183694607e-01,-2.676090675271e-01,-1.283676240062e+00
-4.426247885549e-01,-4.964985809137e-01,-6.213557975014e-01,1.007281450260e+00,3.836832823018e-01
2.546986829752e-01,2.423039839690e-01,1.071186804216e+00,2.229780247330e-01,2.935924324261e-01
-1.544822880504e+00,-4.278413577993e-01,-1.893466684084e-01,5.363223105847e-01,1.331643597047e+00
-1.535484674847e+00,-2.858976607460e-01,-1.208248669958e+00,1.053600539173e-01,-4.889078719744e-01
-9.488775700279e-01,5.807060987360e-01,6.688102675879e-01,1.010677421762e+00,7.108468364038e-02
1.199840664671e-01,1.158131567370e-01,-1.026894347815e+00,-2.383160178226e+00,1.133402523289e-01
1.335565022663e+00,2.668471090951e-01,-3.177922161489e-01,1.082160423550e+00,6.246037429479e-01
7.413003497802e-01,5.092340120003e-01,-1.240798648833e-01,1.280530962251e+00,-4.198328660790e-01
-4.290637489700e-01,1.071292921714e-01,4.695840024265e-02,3.176948537610e-01,-1.113464110592e+00
-1.157402713208e+00,-1.645697378347e+00,3.883242235917e-01,8.652233609678e-01,-1.022126974738e+00
2.104674482732e+00,4.202366218342e-01,9.887789120071e-01,-2.972459625945e-01,1.567922806294e+00
1.438674111920e-01,1.417820933152e+00,-4.296138322291e-01,-1.276630796583e+00,1.757641663741e+00
-6.642165771466e-02,2.512205134391e-01,-1.457534631941e+00,8.260595202215e-01,1.025939344495e-01
4.457478874843e-01,1.305266425621e+00,1.706903928627e+00,6.128291304772e-01,-4.729789757729e-01
9.856902184081e-01,1.908018607706e+00,-7.103721195050e-01,2.601452788261e-01,1.397855368604e-01
-1.199481614780e+00,3.509046439490e-01,9.538498773948e-01,5.673237362338e-01,-6.621899854169e-01
-8.113822388957e-01,-4.436196279663e-01,4.990062245304e-01,8.630294933514e-01,-3.955459265368e-01
-1.161868140875e+00,1.958131454218e-01,-7.896569338068e-01,-8.137309418390e-01,4.624979666106e-01
1.113809540181e+00,-1.734580995977e+00,5.719301763116e-02,6.527057113745e-01,-2.159904586506e-01
3.061819587497e-01,2.361595790097e+00,-1.785691264281e+00,-7.190006198985e-01,1.389792082757e+00
1.261884456536e+00,-1.528345201322e-01,-2.164769041935e+00,-8.738603251337e-01,-5.991531612399e-02
-8.932318270674e-01,-4.625340032976e-01,-1.162336304549e-02,-1.645445414917e+00,2.197682478148e+00
-2.178223872499e-01,-1.898882604840e+00,-1.990972100182e+00,-1.210436130453e-01,8.845961240396e-01
-6.920069223834e-01,-1.719663446908e-01,-4.240624753607e-01,5.891928572426e-01,-1.181287150394e+00
-3.443060233188e-01,-1.059977992436e+00,-6.577924428557e-01,8.402713238045e-01,-1.658195119435e+00
1.961863133905e-01,-6.721008497538e-01,2.426461142988e-01,7.270789400730e-01,-1.741808478404e-01
3.572972684082e-01,-3.802815270711e-01,-3.964004275188e-01,-1.344277568847e+00,1.535533597230e-01
6.882274221192e-01,1.128018179781e+00,-9.483140089907e-01,1.712828591205e-01,-3.758083777095e-01
1.133465004975e+00,-1.243502437731e+00,-1.201658400346e-01,3.051263288489e-01,1.719443357948e+00
-5.735853878378e-01,-6.764909971391e-01,7.123006687524e-01,-8.283345138775e-01,-1.327920611297e+00
9.039160407066e-01,-1.476894507965e+00,-1.496403753032e+00,-2.166645220291e-01,-4.907704845536e-01
-1.204972254321e+00,-1.149836870895e-01,-4.772905326036e-01,1.946377897185e-01,1.040474939041e+00
1.951960576360e-01,-1.118628553311e+00,7.547632870835e-01,-2.538112824062e-01,-9.218243281103e-01
-4.519213010721e-01,-7.277891915746e-01,4.911764934337e-01,-8.839925656204e-02,-7.528921682120e-01
4.200997443113e-01,3.373821114002e-01,-1.284838316478e+00,-9.521533453637e-01,8.793101889217e-01
-1.277742023013e+00,1.964039683605e-01,-7.767114788700e-01,-2.695342500457e+00,-3.766282288222e-01
-4.456408584276e-01,-4.832360680973e-01,1.959619081909e-02,-1.132233666517e+00,-1.365971280234e-01
-6.692959791144e-01,-4.153333228144e-01,1.426662286665e+00,2.138200331703e+00,4.462732925664e-01
-5.010820144548e-01,-7.571604972593e-02,-2.704651447005e-01,4.344234194844e-01,2.439437083091e-01
1.778643440941e-01,5.870285457797e-03,-8.312687385829e-01,9.450539465530e-01,5.838715420296e-01
2.788859020423e-01,1.140753263138e+00,5.523469173565e-01,7.166334608086e-01,2.936135043408e-01
1.631912886054e-01,8.346444028659e-01,1.322709781768e+00,-1.514220981633e+00,-2.442162281457e-01
6.505923002435e-01,1.195706211092e+00,-9.475409918244e-01,-9.120056519280e-01,-7.487423278660e-01
-1.573894034269e+00,-7.353340079442e-01,-2.278211473670e-02,4.729222218633e-01,-6.557368476632e-01
-1.001566210175e+00,-1.463636388245e+00,3.665145230511e-01,-8.489697596546e-01,-1.990983516150e-01
1.510656588325e+00,1.012195213796e+00,1.112203252334e+00,-1.184763492554e+00,1.116347451906e-02
6.971531479721e-01,8.187359481438e-01,-7.983056495836e-01,2.263391379426e-01,-7.551424099599e-02
1.592619715609e+00,1.035064366033e+00,1.191611172048e+00,5.922040047744e-01,-8.492932177919e-01
-3.583333355598e-01,-4.097899803090e-01,-8.740946704787e-01,-7.228330175755e-01,3.991645330573e-01
1.950562596166e+00,1.520724971565e+00,1.514350717378e+00,6.838901066026e-02,4.962265368966e-01
-6.966543694567e-01,-5.759037128188e-01,9.849690063332e-01,-1.539878769346e+00,1.125708444279e-01
-7.494962771718e-02,6.788259429609e-01,-1.150325543973e+00,1.206506258130e+00,-1.065305978926e+00
-7.532767217502e-01,9.296544544720e-01,7.259893519005e-01,-6.860459411165e-01,3.977438085818e-01
6.323482602164e-01,-1.852053970031e+00,-9.423964553957e-01,-7.798521982229e-01,-6.603957625823e-02
-1.386142076878e+00,-1.309172797862e+00,-6.857360546713e-01,-3.369991587699e-01,1.572588076259e-01
-2.524786497212e+00,-7.478567885220e-01,2.153010615131e+00,-6.200995135004e-01,1.714062085063e+00
8.047192717501e-01,1.838669148715e-01,4.288163123068e-01,-9.124129996211e-01,5.281592969646e-01
2.159426599353e-01,3.316489925831e-01,-1.369949366755e+00,-1.662145229498e+00,-5.410976873380e-01
-2.294363930913e-01,4.646241706478e-01,-4.201526687451e-01,2.837552640135e-01,9.736603786002e-01
9.747194731513e-01,9.184694654978e-01,-9.540227853474e-01,3.340273907134e-01,9.445226578306e-01
-1.643367027813e+00,-1.341923800062e+00,-4.612231147015e-02,4.995775285849e-01,1.029803192343e+00
-2.768107997482e-01,9.616445554030e-01,-3.953444305385e-01,-9.536656142697e-01,2.714148005594e-01
2.100105613432e-01,-1.425351218435e-01,-1.422606746935e+00,-2.341296985598e-01,-5.151229541849e-01
1.984445129355e+00,1.870615890830e+00,2.185800246393e-01,-6.139781585349e-01,1.076546247464e+00
1.025543981321e+00,-9.705100795298e-01,6.584121033356e-01,8.397568277927e-01,-2.622763785094e-01
8.899873182806e-02,9.115253557076e-01,-1.510919620568e+00,7.939465716041e-01,-4.001149242037e-01
-2.181002921013e-01,-3.289641577752e-01,7.908638247940e-01,-9.706002400854e-02,1.214091651414e-01
-5.823193589119e-01,-3.339006082453e+00,-1.398474193436e-01,-1.443954376938e+00,7.763190982408e-02
4.973127327976e-01,3.956272295079e-01,6.037713314908e-01,-2.504042310173e+00,-8.797587678775e-01
1.493805543444e+00,-4.916562616465e-01,-6.808444307534e-01,-2.145429036781e+00,3.261305991149e-01
-1.723046263531e+00,-6.411112669487e-01,4.083689338077e-01,-8.629415474118e-01,5.422275948972e-01
4.674675332001e-01,-4.571103538698e-01,-2.200322461776e+00,1.461758194303e+00,2.187850654904e-01
2.439551068880e-01,1.553495434448e-01,-2.415961446171e-01,-4.151494162096e-02,-4.683509761006e-01
4.141324919621e-02,-5.837890785919e-01,2.989423295638e-01,-1.448584555893e-01,1.162180110152e-01
6.989302672921e-01,-4.081565832759e-01,-1.083615806678e+00,1.268953387657e+00,1.706900138744e+00
-2.356975173687e-01,1.502837484110e-01,2.131751501332e+00,1.750936687828e+00,8.503094247359e-02
2.437824807353e-01,-2.017124465597e+00,-4.253499380448e-01,6.765931075729e-01,1.686476225889e+00
4.777805348483e-01,-1.887690076296e-01,-7.055865885368e-01,8.190571004774e-01,-1.044198145623e+00
4.469046278965e-01,1.560607802769e+00,7.830982117214e-01,1.056701385194e-01,-1.171107553971e+00
8.843256071380e-01,9.010246913394e-01,9.430195034538e-01,9.980871912503e-01,-3.567851680458e-01
-6.263395761404e-01,3.100146893486e-01,-2.388905051427e-01,5.882151442997e-01,-1.083820659402e+00
-3.344941087383e-01,6.791215784140e-01,-8.619739632507e-01,3.987508022340e-01,2.774525237740e+00
-7.568569637154e-01,-5.001995489390e-01,-5.488460217962e-01,-1.795667558398e+00,-6.299088812646e-02
-6.465085015759e-01,1.899306687835e+00,1.094974569059e+00,-4.328464417276e-03,3.815554699973e-01
-7.154592647382e-01,-3.920152387083e-02,7.230573773636e-02,1.364744922147e+00,5.502111896961e-01
-5.365130719054e-01,7.742282537470e-01,-2.344128944530e+00,1.058894271044e+00,-4.905198568796e-01
5.534429582090e-01,-3.323360559376e-01,-1.783731333610e+00,-1.029039415579e+00,3.703718146919e-01
-3.813287739256e-01,-1.603574723300e+00,-3.815331217029e-02,9.210241874026e-01,8.866303095536e-02
-8.294251963414e-01,4.455843651160e-01,3.497486965593e-01,2.257334215053e+00,1.321439203203e-01
-1.345003368191e+00,-1.122774423180e+00,-1.021157151926e+00,-5.441348883448e-01,-5.290019829371e-01
1.483430516474e-01,5.862093640392e-02,-2.661192474810e-01,-8.175564323105e-01,-4.083381178346e-01
-4.946391389080e-02,-1.198508779668e+00,-8.730302951947e-01,-5.755771520454e-01,-1.473859256206e-02
-2.935740264853e-01,-2.920603993883e-01,5.522874293062e-01,-4.988582331174e-01,-8.197460519039e-01
5.985640104907e-01,-1.076017334428e+00,-1.108925021095e+00,9.171688083213e-01,-4.765348706843e-01
1.112657625528e-01,1.820432972722e-01,-2.689262610716e-01,9.745185752519e-01,1.356768520513e+00
1.346226545238e-01,1.412859549063e-01,7.814397806447e-01,5.550324173898e-01,1.084548860118e+00
-1.500777962831e+00,-2.739111677805e-01,9.260459821022e-01,5.296046148966e-01,2.481067950615e-01
-1.016496320601e+00,5.690887165544e-01,-3.884588237830e-01,5.021274699454e-01,1.904539966174e+00
5.936397924467e-01,1.393433371768e+00,-1.287414582615e+00,1.320865730871e+00,-1.040397088752e+00
7.017988788496e-02,-6.965734574962e-01,1.078405354056e+00,-6.212504416507e-01,2.652155160399e+00
-3.884967165789e-01,-6.591620075268e-01,-6.837780154923e-01,3.513163719893e-01,-1.164937409044e+00
1.953337403774e+00,1.340907278804e+00,-1.129604609417e+00,-6.504137313126e-01,4.375741461720e-01
2.021932088274e+00,2.207943454920e+00,-6.709464531324e-01,-1.677283734401e+00,1.652136165163e-01
-1.223461335814e+00,5.800301153395e-01,-6.849623312267e-01,1.166166502059e+00,1.293386435646e+00
4.202493708207e-01,3.869836016616e-01,7.160050086454e-01,1.637955415368e+00,-1.456059825055e+00
4.042613787295e-01,-3.628055416516e+00,-1.575103633432e+00,-1.791580164223e-01,-4.295609564420e-02
-4.405609980691e-01,-3.660683875042e-02,7.457011646679e-01,1.388376691718e-01,1.976148225256e-01
1.180642632346e+00,5.636767812648e-01,9.325141591522e-01,-1.582160596655e+00,7.050164288766e-01
-2.451094677969e+00,1.604592720114e+00,-6.118640627486e-01,-1.447262600363e+00,3.811080315462e-01
5.266086594961e-01,1.231971700176e+00,-3.074443072234e-01,5.816596656737e-01,1.062137815621e+00
1.547926359037e-01,7.536478117908e-01,6.208919678524e-02,-4.417673466088e-01,-1.181575062558e+00
-1.490897322317e+00,1.361770745552e+00,-5.834341539093e-01,1.348738914201e+00,3.366302071598e-01
3.851495415303e-01,-6.757761624157e-01,9.496739445390e-01,5.548451211277e-01,-1.217231187737e+00
-1.670514593664e+00,1.372788748179e+00,-1.801818458409e-02,3.139317707261e-01,7.708384499492e-01
9.234508999202e-02,-1.313605746732e-01,-3.789714756702e-01,2.434687453240e-01,3.805258955003e-01
2.246476732103e-01,-5.270706272366e-01,3.034495993963e-01,-3.927891645144e-01,5.908644679655e-01
1.886853430951e+00,-3.058550171995e-01,-1.985577897372e-01,-6.306613548983e-02,-2.757241291782e-01
3.320320416386e-01,-7.194527900554e-01,1.070435973300e+00,-2.189093372000e+00,-2.065828064562e-01
-3.020291300227e-01,-5.496881963879e-01,-2.735889400465e-01,-7.662739729869e-01,-4.310799313838e-01
1.244301406973e+00,-1.514374083653e-01,-1.716908564580e+00,3.225904542947e-02,1.543602782693e-01
-2.227212390315e-01,1.389252770853e-01,9.636637087606e-01,-9.969309690685e-02,-1.179444429136e+00
-3.824731228502e-01,1.980005267969e+00,1.051227041077e+00,1.071701804728e+00,-1.038924343253e+00
2.160967636556e+00,6.887170102956e-01,3.296837774161e-01,7.581544038545e-01,1.868608598012e-01
9.498444581598e-01,7.067772730729e-01,1.560074710331e-01,-1.427956414573e+00,-2.508461512728e-01
2.877980550698e-01,-1.265260560708e+00,-2.506443072166e-01,-1.191387128268e+00,-1.498215507161e+00
-9.342741549612e-02,8.447164276050e-01,6.643380479180e-01,6.520711743477e-01,-8.033096264899e-02
-6.628316316983e-01,-4.913452357256e-01,2.875094928457e-01,-6.081674629251e-01,3.528771621674e-01
-4.357989591709e-01,-3.295567298574e-01,1.060811505010e-01,6.731574044582e-01,-9.738715066318e-01
6.111650465107e-01,-9.659350077524e-01,6.982438892820e-02,5.390105840947e-01,1.250772646904e+00
4.011710896656e-01,-1.400762295660e-01,6.719639046424e-01,2.269695566679e-01,7.883279825898e-02
-1.344586402811e+00,1.140598810951e+00,1.035619467842e+00,3.253004875825e-01,7.017856955932e-01
-1.208966362415e+00,9.783065465274e-01,8.071153478728e-01,-7.694916477477e-01,4.380759874891e-01
9.244394391327e-02,-2.159964066476e-01,4.597888045975e-01,2.290364714007e+00,-1.783353644970e-01
-2.464024797802e-01,1.016944670829e+00,1.592773079854e+00,1.328225118956e+00,-2.019927562427e-01
-9.766521207621e-01,-7.630376511824e-01,1.621246884479e+00,-1.340343498171e+00,4.566260059312e-01
-7.149065920945e-01,3.154764650399e-01,9.266928253089e-01,-1.167342482663e-01,-1.241809350654e+00
7.019845618640e-02,1.936117809886e-01,1.234355738269e+00,1.760799780222e-01,1.816383881382e+00
-1.197852185196e+00,-2.061210470622e+00,-5.602215893545e-01,-1.755676294048e-01,-5.643367843563e-02
-8.257547270878e-01,-1.633203478617e+00,-9.944840154673e-01,5.256346727216e-01,-4.248846796438e-01
-1.208075037330e+00,2.962617337456e-01,1.059543549643e+00,-3.517353627374e-01,1.052138468142e+00
2.205630253515e+00,-1.364619890453e+00,-3.518837144713e-01,-3.807035940851e-02,-5.290605628055e-02
-9.874677171917e-01,9.750051933456e-01,-1.432799518928e+00,-8.488841990766e-01,9.727755844308e-01
-6.156451527171e-01,-1.064911489240e+00,1.097897037568e+00,-2.022008871409e-01,5.385156515407e-01
-4.798924177301e-01,-9.899836693777e-01,-1.945378213891e-01,1.144214051641e+00,6.781083628357e-01
6.897109748746e-01,5.030229006318e-01,-2.628605172012e-02,1.119130200038e+00,-2.962871403883e-01
1.989673778885e+00,7.386647825301e-02,2.682353851286e-01,2.303021031856e-01,1.601612462582e-01
1.713513873694e+00,2.045893662670e-01,-9.519423381415e-02,-5.323678748456e-01,-2.320183332700e-01
2.207420504637e+00,-1.466290883591e-01,-2.051772082044e-01,9.844539470261e-01,-3.666980314085e-01
-3.117293615652e-01,1.984955558835e+00,-3.397715593870e-02,6.247960371291e-01,9.549080116689e-01
-1.076167994357e+00,-2.066167150840e-01,-9.360412336145e-01,7.804251307829e-01,-1.214149683499e-01
1.106306643833e+00,-2.391976248471e-01,2.688146219793e-01,2.053673919509e+00,2.388617470707e-01
-2.993185046311e-01,-7.748758116711e-01,3.627095861136e-01,3.674849360747e-02,-3.467402912910e-01
-9.999379805530e-01,-1.991193687894e-01,8.421606150422e-02,-2.489344037092e+00,9.770382882426e-02
-1.119896833683e+00,5.721012105311e-01,7.136886732092e-01,5.435645854349e-01,2.035321268452e-01
8.477854720394e-01,1.011278475302e+00,-1.374216110486e+00,6.690059520198e-01,1.648540468892e+00
1.300168304467e+00,9.667988582365e-01,2.888753816567e-01,-1.909061726834e-01,7.159309312480e-01
-1.515468207129e-01,1.104512521414e+00,7.720340767975e-01,-6.683750464821e-02,-1.297697983409e-01
1.016334216608e+00,2.038397500107e+00,-6.167655364528e-02,1.028716610375e+00,8.250299089527e-01
3.909355500194e-01,1.227886926875e+00,8.280001336933e-01,1.520311513855e+00,-7.494820617217e-01
1.185438374783e+00,-1.123140098783e+00,-2.825419925668e-01,-1.745430576885e+00,-1.178002959359e+00
7.933541670681e-01,1.748558757174e+00,-5.710812341563e-01,-3.784359362790e-01,-6.223908055730e-02
-1.059599783585e+00,3.525818670516e-01,8.182276852004e-01,-4.031428790962e-01,-3.927630214845e-01
4.966596135148e-01,6.908891506315e-01,-7.080781053884e-01,2.314372846277e-02,2.137990290008e+00
-3.197477130073e-01,3.293373015747e-01,2.968820493476e-01,-2.620916476121e-01,7.882761626800e-01
-4.238838295673e-01,-2.363594854375e-01,-3.276960264526e-01,-8.579453274945e-01,6.073136151783e-01
-4.127308444011e-01,-1.063177160863e+00,-1.339798690267e+00,1.119719599546e+00,1.466630737298e+00
1.215241568219e+00,-1.709831334242e-01,-6.057270372034e-01,-2.892863624237e+00,-3.664009713615e-01
-5.084301849804e-02,2.067330747388e-01,-2.975334633876e-01,3.904420516888e-01,-4.038646174684e-01
-1.834980145272e-01,1.869286499531e+00,4.316766209768e-01,-1.132151844078e+00,2.913773558091e-01
-1.009836650024e-01,7.058160904627e-01,-2.198157154753e+00,4.984776166593e-01,-7.331364220844e-01
-1.340128068327e+00,-1.655982289548e-01,-1.281103940408e+00,1.210862265142e+00,-5.388924938042e-01
4.393344290910e-01,-5.741089898443e-01,2.389799293016e+00,-6.573162368793e-01,6.986582875826e-01
-2.205442479056e-01,5.683757719925e-01,-8.451184705126e-01,-1.552775260187e+00,4.051398402589e-03
-6.969498270848e-01,8.525550232356e-01,8.446624835848e-01,-3.296693863235e-01,-9.251758060508e-01
-2.176127449601e-01,-6.175102940600e-01,6.113685430248e-01,-4.513880921100e-01,1.219277309604e+00
-1.266048667709e+00,-5.181437541847e-01,-1.370106763286e+00,-1.159866833830e-02,2.224915385537e-02
2.114361140505e-01,1.526877338158e+00,-3.923911920320e-01,1.542671575233e-01,3.193933609153e-01
-1.505934837236e+00,1.249873998260e-01,3.489453444461e-01,8.605663727652e-02,4.245529976822e-01
1.467388471395e+00,7.545153064084e-02,-1.762039580206e-01,2.756737822904e-01,-3.811278091083e-02
-5.330106621222e-01,6.807033453035e-01,2.304745155681e+00,-1.229677629749e+00,3.597867519388e-02
7.914379376523e-01,-2.240725916994e-01,1.379904550176e-01,-7.509037607230e-02,4.785253076532e-01
-1.410309568196e+00,-1.208622364913e+00,1.604091290934e-01,-4.050156051632e-01,1.277408249456e+00
-8.026872539600e-01,3.344905925357e-01,-2.326554945620e-02,-3.816420383155e-02,-1.464717180459e-01
6.791530171727e-01,4.636869859041e-01,9.109225709262e-01,1.978448254641e+00,-1.084341680886e+00
1.452137398117e+00,-2.756557824178e-01,6.575223943513e-02,1.794882703141e+00,6.335937187876e-01
-1.247135979751e+00,-7.176584226407e-01,-4.310013211632e-01,1.246722671501e+00,1.233406844019e+00
1.081554410606e+00,-1.345690698316e+00,-4.022198063180e-01,-1.124222307953e-01,-1.420303530389e+00
4.251830984274e-01,-7.319404146972e-01,-7.600799009131e-01,-1.997685819108e-01,9.215933738774e-02
-3.474521604796e-01,1.080414301426e+00,-7.043517192438e-01,6.005838967410e-01,-3.961531216566e-01
-3.599001086145e-01,-2.900281974128e-01,3.320880006138e-01,3.783738795302e-01,7.444432723956e-02
9.275035085380e-01,-6.343398379327e-01,-1.643765094518e-01,-1.893278892213e-01,8.033043409352e-01
6.374035484714e-01,4.404019657655e-02,1.027915801056e+00,2.938922826147e-01,-1.487542427924e-01
-1.040803257214e+00,-8.584114917534e-01,-1.600025204932e+00,-5.547427054460e-01,-1.018878268560e+00
2.751519414296e-02,-5.228411201708e-01,-1.561642695238e+00,1.744592591423e+00,2.369543762174e-01
-1.541612836805e+00,1.146257851696e+00,3.054582429198e-01,2.560505747000e-01,-9.677908438382e-01
-1.922451502009e+00,-1.338081097462e+00,-4.564193301378e-02,1.416619222125e+00,4.111068033972e-02
5.465424907717e-01,-7.679612533629e-01,2.064527192187e-01,1.688707944530e-02,1.736355684520e+00
1.188097045420e-01,-8.321112372627e-01,-5.155431782966e-01,-5.574277801712e-02,9.794797702509e-01
-6.955724758890e-01,-9.808092596682e-02,-4.188970259296e-01,1.132303467522e+00,-1.544999910644e-02
-1.351869373217e+00,3.342401132047e-01,1.168879661988e+00,-7.317984425758e-01,-4.073848515944e-01
-7.851959182398e-02,2.090545877012e+00,1.485056517354e+00,-1.230563693649e-01,-6.706327265269e-01
6.564143295395e-01,-7.155410231066e-02,-8.897459658129e-01,-2.134289368095e+00,1.423915448094e+00
-6.435841166798e-01,6.307526723067e-01,-1.892818537362e+00,9.239470248113e-01,-4.719744780050e-02
-9.098941689133e-01,6.837025755618e-01,-4.180877973955e-01,-7.262912620058e-01,5.829603642597e-01
1.171477393333e+00,1.690884946708e-01,-1.098906897345e+00,-1.037354930629e+00,1.113995017045e+00
-1.142580488988e+00,-7.701944145200e-01,5.534819938780e-01,2.988635387313e-02,1.979864947469e+00
-1.466674078018e+00,-8.536246388733e-01,1.115789887596e+00,-3.347224170034e-01,-1.339859362832e+00
