-8.264569329146e+01,-7.283061540590e+01,8.308946923453e+01,8.190856018110e+01,4.271055805908e+01,-6.393119657545e+01,4.690200777263e+01,-5.579540998656e+00,2.963525991389e+01,9.682464067277e-01
-4.215233745336e+00,6.028117057006e+00,-8.491818882474e+01,-1.193290021059e+01,-1.372287755787e+01,3.851298970181e+00,-1.319765518064e+01,8.069163644642e+00,1.332141334153e+01,3.576782857961e+00
1.420777273546e+02,2.287305280300e+02,-8.486547577183e+01,-3.843085262748e+01,-1.728667992239e+01,-1.298647129347e+01,-1.510560555787e+01,8.217074178291e+00,1.340683710681e+01,-1.138414200697e+01
-1.926789518069e+02,1.230933404185e+02,-1.212428698151e+02,7.878415893834e+01,3.575399293583e+01,-9.418369554689e+01,-2.840149797394e+01,2.390508080385e+01,6.051048562625e+00,-1.080524689632e+01
-6.852436507942e+01,7.256870324580e+01,-8.835824345042e+01,-1.493776759279e+02,1.624138159947e+01,7.406357802713e+01,-3.395110946838e+00,-2.806073074420e+01,-3.179447177601e+01,3.827002440179e-02
-1.515929513327e+01,-7.051457022149e+00,2.153034328489e+01,1.209506520134e+02,-1.125216887108e+02,-3.447287651256e+01,-4.966146602567e+01,-4.309853610174e+01,4.491927523807e+00,1.705537160188e+01
-6.084224375050e+01,-2.662087371127e+00,8.675937453265e+01,-1.769367615819e+01,-1.574975468600e+02,1.854870995340e+01,-3.469147530330e+01,2.715903293498e+01,2.838685954073e+00,-1.524633865486e+00
1.143113069950e+02,-3.580716783277e+01,4.673541285227e+01,-5.903501253913e+01,1.385231232416e+01,6.453122733411e+00,-2.944797965386e+01,3.057462673759e+01,1.641951971627e+01,9.913680276195e-02
1.621644339142e+02,-2.131485983300e+01,-1.542346827602e+02,-7.781640026780e+00,-6.923566112632e+00,-6.434392932471e+01,-4.436644120273e+01,-1.663105922369e+01,-7.676914409813e+00,-8.018778259956e-01
-2.342583060924e+02,4.210765305784e+01,9.143068431061e+01,1.103810623559e+02,1.725129570953e+01,-2.895324610858e+01,-4.117550860640e+01,-6.460719790224e+01,-2.559883937264e+00,1.640582411584e+01
2.409160100919e+01,-4.762036532559e+01,5.383861172156e+01,-8.690026985677e+01,3.615740111030e+01,9.405009106878e+00,-2.999173252051e+01,7.267358265290e+00,3.225335773617e-01,-9.241431241588e+00
-8.476322216546e+01,-2.529979268371e+01,4.241683899604e+01,-5.393086153883e+01,4.987665687984e+01,1.633000199542e+01,-5.079860719491e+01,4.242712723989e+01,1.742110576781e+01,-5.982381724758e+00
-6.923728452348e+01,5.729893776777e+01,2.712215481548e+01,-1.027074723000e+02,9.872820233228e+01,-4.439043519273e+01,-3.654440318825e+01,1.438858227674e+01,2.576398160740e+00,-6.426804226422e+00
1.157119165274e+02,-8.567472461900e+01,-3.263236696814e+01,-1.166613579502e+02,-2.904918302591e+01,-1.844538243567e+01,2.461005719298e+01,1.703535848382e+00,-2.302600421706e+01,-6.598241725520e-01
2.824895883916e+02,-1.530833217083e+01,-7.912170916828e+01,-3.747919907699e+01,3.972212310597e+00,-4.622962063631e+01,-9.154186664920e+01,2.374278927120e+01,5.523075733642e+00,9.961252358879e+00
-3.064122791786e+00,-4.030662273242e+01,9.006386608589e+00,3.849717203230e+01,5.848364204384e+01,-1.981803179110e+01,5.141012421466e+01,2.095909401248e+01,-1.501306438544e+01,-8.765930446120e+00
4.340970167967e+01,-4.393447237600e+01,-8.201616924199e+01,-8.751743789291e+01,1.030733294847e+02,-2.610377616599e+01,2.491711058122e+01,4.757239483830e+01,1.337665385451e+01,9.968838665212e+00
-2.538986635360e+01,1.621890785345e+02,-2.463068029063e+01,3.471754814599e+01,-1.052428668864e+02,-9.226165680560e+00,-2.546659817053e+01,-1.258514312216e+01,2.740734704870e+01,5.859645889041e+00
-8.900795637758e+01,7.956174985146e+01,-5.164858015513e+01,8.491419289971e+01,-9.220470041473e+01,8.096258017568e+00,7.296605613552e+00,-1.573417487102e+01,1.973552381207e+01,-5.977510869785e+00
-1.093683280715e+02,1.055408701017e+01,-7.826926127788e+01,-1.859580591419e+01,3.894443327020e+01,-2.908475668440e+01,8.364532863026e+00,2.631299188763e+01,4.618698033343e+00,-8.083214976548e+00
7.091843524234e+00,-3.653834144043e+01,-7.225409741349e+01,6.316234891379e+00,-6.955399165307e+01,4.905977477184e+01,-3.071668700736e+01,4.502402700786e+01,2.441875648069e-01,-1.158688789786e+01
-1.240399069306e+02,-1.911946137852e+02,1.613908011480e+01,2.635552072046e+01,-1.152347260857e+02,4.697474184369e+01,-1.521866617421e+01,-1.236439984247e+01,-1.111651613311e+01,1.169476478332e+01
1.276964584309e+02,2.957755602840e+01,4.192994381541e+01,1.372116065147e+02,7.014291742287e+01,1.244273022619e+00,-3.264403333063e+01,-2.086327476133e+01,2.922311364105e+01,-2.375123335442e-01
4.853758645468e+00,-2.557474347111e+01,7.042536907548e+01,-2.365716134745e+01,-8.880359591817e+01,-1.662729347797e+01,2.941562456890e+01,1.404232804653e+01,-4.608228420936e+00,7.523366212822e+00
9.554757599484e+01,1.523948617681e+02,2.081278843146e+02,-5.041714962743e+00,7.167718826237e+01,-7.959323843792e+00,-5.703417381399e+01,-2.704226867566e+01,-7.450703732100e+00,2.153469026588e-01
-4.358581705271e+01,-5.053124005449e+00,-6.843395250905e+01,-4.711947298198e+00,-7.874458216187e+01,8.657960706476e+01,-1.861801786980e+01,2.289444187413e+01,-1.070398819985e+01,1.301825835846e+01
6.443049681282e+01,1.350385606321e+02,-7.209835710388e+01,-5.332249298123e+01,-5.184673101082e+01,-2.032842517627e+01,3.756008412983e+00,-4.787696306676e+01,-1.170956061280e+00,-5.153037100830e+00
-7.554288288796e+01,4.778347962781e+01,1.822576389572e+01,2.906437089317e+01,3.714894966203e+01,4.837913816410e+00,2.267086339164e+01,-1.400668453021e+01,8.159308689848e+00,-3.410786503899e+00
1.432676065102e+02,1.728718912174e+02,1.071319474553e+02,4.035486475267e+01,5.849284441564e+01,8.818187164643e-01,1.846924425243e+01,-2.656974770128e+01,3.753007213890e+00,1.242923471611e+01
-7.039612669954e+01,-1.700569307153e+02,-1.366586190533e+02,8.196922836900e+01,1.066678637050e+02,6.228724032057e+01,-2.789876888477e+01,2.818663863886e+01,-1.678805439246e+00,5.031305816399e-01
-2.712394033748e+01,8.164274379394e+01,-3.466800074840e+01,-1.528030715918e+01,3.451763498619e-01,1.633636518203e+01,-3.051865435404e+01,-3.262275064572e+00,-7.793235164772e-01,-3.444738443755e+00
-3.637997893477e+01,-2.333363947746e+01,-1.054871359930e+01,1.270799578279e+01,2.575508575631e+01,-2.377734846810e+01,-6.502625315420e+01,-2.346869644951e+01,6.960894653367e+00,-1.910500664953e+01
-8.514013240053e+01,-1.481244538171e+01,6.535938400347e+01,3.382277591489e+01,-5.998113401699e+01,-1.500140426597e+01,3.782377968606e+01,2.277707643317e+00,1.001379857552e+01,-4.863292606783e+00
9.635346684318e+00,1.416587554323e+02,-4.179418544820e+01,2.634181519163e+01,-5.151434242000e+01,2.396930314754e+01,1.949612517612e+01,-1.115955125979e+01,1.420112505225e+01,1.135846002733e+00
2.968724154457e+01,-1.284573616457e+02,4.820831502329e+01,1.935425662623e+00,6.304539005896e+01,5.764325007142e+01,1.361350149315e+00,1.771663905353e+01,-3.306681311441e+01,-4.892156443385e+00
-1.752768553863e+02,1.683347910790e+02,-1.202583222826e+02,1.668994877310e+01,5.819914810506e+01,3.148777650725e+00,1.147686777021e+01,1.572184544694e+01,5.406526367424e+00,-8.093235176917e+00
2.620659572128e+02,-2.287384006036e+02,-5.543449973059e+01,-6.227078324793e+01,4.052183634990e+01,2.394205945625e+01,-2.243594807193e+01,7.386062342542e+00,-2.520920460398e+01,-9.926775552897e+00
-1.120406931907e+02,-1.311556675392e+02,-5.370014081662e+01,1.068854100693e+02,-2.544889641909e+00,2.738307983400e+01,3.288652125347e+00,1.735398962526e+01,1.845321806136e+01,2.151785026725e+00
2.941642026481e+01,7.445306165903e+01,1.162599433214e+02,7.923126885963e-01,2.472653471662e+01,6.995628421448e+01,3.735509091292e+01,2.139527338942e+01,-3.787473494211e+01,-4.553516386095e+00
4.166438929757e+01,1.208620719257e+02,-6.057169472884e+01,-4.565687609695e+01,-3.576972471889e+01,-2.774341821831e+01,4.072367366090e+01,-5.513616414503e+01,3.384357157859e+01,6.609430792949e+00
1.333231087681e+02,3.817261503167e+01,1.058917934724e+02,3.592630032737e+01,1.303599830610e+02,3.649968245978e+01,6.616423281571e+01,-7.155980246208e+01,4.555948809412e+01,-1.228341187949e+01
-4.135507633190e+01,7.853670012875e+01,-9.284686886907e+01,-1.063429059082e+01,3.525653187536e+01,-7.535472348914e+00,1.450802141861e+02,1.348566531302e+01,-1.016899010135e+01,7.065684602810e+00
7.480806126253e+01,-1.297419467497e+02,7.440648155741e+00,-3.520107082777e+01,8.408826053585e+01,-6.558594281556e+01,-6.846399368505e+01,-1.027909797484e+01,-5.371313993026e+00,-6.774858031912e+00
-4.437782888801e-01,-2.136705068588e+01,8.559612343576e+01,4.727275780204e+01,-9.496295388134e+00,-5.422259050121e+01,2.362622633354e+00,-4.583872551270e+00,1.688062030182e+00,5.421153914853e+00
-2.595137075593e+02,6.744839950822e+01,6.565448429562e+01,7.851016697743e+01,4.017569179661e+01,2.284871513231e+01,6.205002564984e-01,1.187091163954e+01,2.896489915220e+01,1.123535251185e+01
1.671721047385e+02,8.799947121205e+01,4.704054425590e+01,5.679410170452e+01,1.883513879279e+01,-4.014281003224e+01,1.541502124183e+01,7.439908706650e+01,-2.030826134792e+01,-4.127550160610e+00
-1.382572869013e+02,-1.381883670819e+01,-1.034148692469e+00,-3.642058904997e+01,-3.736785184175e+01,-6.210421939161e+01,8.113674756981e+00,2.269984801175e+01,1.585088610499e+01,-1.470716250892e+01
-6.327459850219e+01,-1.648067763674e+02,1.560683948184e+02,3.372219052716e+01,1.458482654637e+01,-4.123816536077e+01,-5.427128554373e+01,3.708803012209e+01,2.549556961213e+01,-1.667245416893e+00
1.773090014574e+02,-8.484133979183e+01,1.229540040468e+02,-6.641917962936e+01,-2.460187008215e+01,4.141522096722e+01,8.107884333762e+00,2.652532167786e+01,-2.820736827621e+01,-1.358283658871e+00
-4.733150301084e+01,-4.570677169018e+01,-8.449685675364e+01,2.880715321019e+01,-5.538062601900e+01,7.233644243297e+00,-1.055311509344e+01,6.353071017526e+01,-1.511257022142e+01,6.484857117885e+00
1.653474070468e+02,7.034638980283e+01,-5.171377799785e+01,-1.569540402259e+01,-4.811159003263e+01,5.660522485262e+01,-3.833383463794e+01,2.892208992866e+01,3.391824294880e+01,-8.147442109134e+00
-6.230129753026e+01,1.058112537511e+02,5.176849950608e+01,1.429091469779e+01,1.081974641595e+01,-4.277946269932e+01,-2.197524181980e+01,-4.235845138337e+01,9.525711873985e+00,-9.752173065994e+00
-1.063116298916e+02,-9.130886096776e+01,9.632117663581e+01,4.276470950408e+01,-2.599327070096e+01,-6.854052235208e+01,3.185110361021e+01,2.487491339294e+01,-7.176096584701e-01,-5.233579227413e-01
7.581658815670e+00,-1.494060870054e+01,-2.285681683592e+01,-4.264883885957e+01,8.303963855930e+01,2.995682049992e+01,1.243688203042e+01,-3.229844722988e+01,-1.018873836004e+01,-3.607450253293e-01
3.977788557018e+01,6.836998519772e+01,-1.584178586096e+02,1.281361321436e+02,-2.046457902630e+01,7.261301127407e+01,-1.760112559623e+01,-2.966745877322e+01,7.909167494097e+00,1.255115193541e+00
-6.674563278522e+01,-1.098393798328e+01,5.806726983472e+01,5.234654412156e+01,-7.916342469483e+01,1.917332665261e+01,5.346311186911e+01,5.856494046376e+01,-5.144217281865e+01,1.801152446248e+01
1.834740532449e+02,-1.588893544396e+01,-1.437502119454e+01,-8.940472688125e+01,2.212383169930e+01,-6.989867288731e+01,-6.462478865780e+00,-4.203821316142e-01,2.215906977122e+01,-4.031538083335e-02
-2.863065397245e+01,-6.341182253909e+01,-1.357837265784e+02,4.014105426656e+01,5.876052436630e+01,-6.407669990817e+01,-1.984498005445e+00,-2.062986140556e+00,-8.301691011477e+00,-1.087997504744e+01
-1.786172962868e+02,-6.688329039729e+01,-2.114913509238e+02,-1.106121278963e+01,3.096759210869e+01,-4.796974389036e+01,3.212823733671e+01,2.521802676058e+01,-2.069766214985e+01,-5.071530516804e+00
-2.507717562654e+01,-9.462121209844e+01,-1.302447584870e+01,-6.399241520081e+01,4.479391527891e+01,4.953853412794e+00,-8.817493106005e+01,-1.791109851711e+01,-2.970997878926e+01,7.675328617384e+00
1.278344284402e+02,2.179178476594e+00,-5.468907993471e+01,3.644011273087e+01,-5.926577377529e+01,5.481010898004e+00,7.356127076935e+00,-4.232212448072e+01,-4.298183783221e+01,-4.249202175984e+00
1.799690872133e+01,6.727656877070e+01,3.467800437160e+00,9.603478833942e+01,7.489872580475e+01,-4.673867653713e+00,5.959338883855e+01,-4.159287075805e+01,-3.343225887288e+00,-5.086771430240e+00
-1.587751513240e+02,1.862127489425e+02,-2.786848196865e+00,7.257575643356e+00,4.774206638671e+01,-2.918119984213e+01,-4.322129837564e+00,1.203220303698e+01,-1.554779990176e+01,2.489880996270e+00
7.078559470919e+01,-2.819850954603e+01,-9.587931150977e+01,3.535022238691e+01,-2.120709450943e+01,3.594296673067e+01,-3.270105968200e+01,5.709474291426e+01,3.889715838304e+00,1.723475214125e+01
-1.217861784195e+02,5.788305715618e+01,1.406144201930e+02,-1.055309471008e-01,-8.708912967437e+01,4.770042630107e+01,1.078618308244e+01,-3.624995018948e-01,5.201546689214e+00,-1.549103154073e+01
8.733852428767e+01,3.803065754444e+01,-4.598296445782e+01,3.502771973496e+01,5.318554404686e+01,2.989243000964e+01,6.365722822927e+01,-4.843006078796e+01,-1.380454771890e+01,-1.347108778721e+01
-2.655868963338e+02,-4.771872628823e+01,1.483443864641e+02,4.214616929503e+01,-7.084012848157e+01,2.771640096449e+01,2.674832116141e+00,-2.147950584631e+01,-4.035812652039e+01,-8.856518656796e+00
-1.023589922390e+02,-1.611401892467e+02,-7.155420055926e+01,7.058508910591e+01,-5.995290422847e+01,4.521842032366e+01,6.099452174498e+01,2.008167908090e+01,-2.824771872705e+00,-1.477516301465e+01
1.115062156787e+02,1.387069774753e+00,4.871679971731e+01,7.719050410509e+01,-7.364063922679e+01,-2.010501132057e+01,5.991428099883e+01,-3.181795258747e+01,-3.767855477042e-01,-1.034827430432e+01
8.347186247801e+01,-4.031302557518e+01,3.242221746377e+01,-1.468740475803e+01,-1.456059633044e+01,-3.394380031290e+00,7.899416616674e+01,1.119900355152e+01,-2.105291586923e+01,1.917874557583e+01
-1.561255251481e+02,-4.626915686543e+00,5.464251812395e+01,1.720539988537e+01,6.439302950569e+01,7.843522878996e+01,-1.419599160964e+01,8.053283342630e+00,1.137044072844e+01,1.139838304833e+01
-6.252670210767e+01,-1.403683054519e+02,1.252600666120e+02,-1.207590424194e+01,3.834665466887e+01,5.823038000869e+00,3.108599591488e+00,2.652367963164e+01,1.633751478203e+01,-2.413251362041e+00
-1.327778327415e+02,-6.481950015954e+00,5.267075613278e+01,-7.748012235852e+01,8.420435453439e+01,9.274627309799e+00,-2.618143964445e+01,-2.936385828753e+01,1.166501032572e+01,7.604337031578e+00
1.330968009360e+02,7.254545526425e+01,1.284797588650e+00,1.047608657435e+01,-3.137244328716e+01,1.064664172958e+01,1.078320239131e+00,1.326990287459e+01,-1.175089616744e+01,2.304698497097e+00
1.165966107048e+02,1.008966681794e+02,1.269912588614e+02,7.751487194523e+01,-5.653779597942e+01,1.573247631166e+01,-3.893814633231e+01,-1.675397056180e+01,7.044392310344e+00,1.278889241430e+01
6.983058796224e+01,-8.920037338150e+01,3.378420746694e-01,3.776474808389e+01,-1.524007710260e+01,-5.047010586014e+01,-1.030861084362e+01,2.100093412405e+01,7.925479163085e+00,-8.211926875389e+00
-5.545892354716e+01,1.758723357526e+02,-8.385680455888e+01,-3.196487672585e+01,7.000018668905e+00,5.581642118350e+01,5.720591171682e+01,3.124244412155e+01,-2.649226835825e+01,4.481115299259e+00
-5.164219960617e+01,9.964834651988e+01,9.285170696336e+00,3.785899803029e+01,2.764627772460e+01,-4.990153314464e+01,-3.051043309253e+01,2.695845570878e+00,3.394308657692e+01,-9.703028229135e+00
-1.557921903386e+02,-7.758750624791e+00,-4.992272256691e+01,4.648034826498e+01,-2.124804753489e+00,6.937190857858e+01,3.740200320999e+00,-3.321064129230e+01,-3.365989706167e+01,-5.630193870571e+00
-2.005794733399e+02,5.304979830467e+01,2.140210304735e+01,4.133965241964e+01,-1.314703871213e+02,-3.232028543671e+01,6.051518574345e+01,1.372792039191e+01,3.282635417500e+00,-6.412556945420e+00
3.832832758731e+01,-4.964269812104e+01,-9.676313463896e+00,-2.388528653523e+00,-1.274036117473e+02,5.995793562439e+01,2.020679195232e+01,5.636973700724e+00,1.702635720747e+01,-7.992134942820e+00
1.349108407191e+01,-3.795522933345e+01,4.338660882285e+01,-3.207189913336e+01,2.487228869051e+01,4.552399850980e+00,-7.927454851087e+00,-2.330825955797e+01,-3.225123780137e+01,6.707103999210e+00
1.622701263981e+02,2.512826796765e+01,1.479479372068e+01,-1.674345678871e+02,-8.342897709194e+01,-4.455439158200e+00,-4.927703786774e+01,-3.776799401446e+01,-2.446973274588e+01,3.596527741368e+00
-1.408383053890e+02,1.650090298336e+02,5.466724221968e+00,2.925169881594e+01,1.916902299940e+01,1.049216914711e+02,1.313486024210e+00,-1.725096691111e+01,1.652211693991e+01,1.003833158618e+00
-7.069232569683e+01,1.633431753634e+01,9.607281574656e+00,4.377071336512e+01,-2.192235499584e+01,-6.291599891287e+01,5.348749818035e+00,1.803387175250e+01,-6.472112353948e+00,-8.639386169374e+00
1.400873061077e+02,2.455344439018e+01,-3.800582315204e+01,3.663431068471e+01,3.157917054716e+01,-4.822604809851e+01,-4.810741552716e+01,7.855606692658e-01,-1.627130583414e+01,-1.814841223318e+00
-5.175617204315e+01,4.500863559111e+01,5.454412358520e+01,-1.026450052380e+02,7.969292505401e+01,5.974420431420e+01,1.955398145631e+01,1.591788434443e+01,1.837566619366e+01,6.340961326219e+00
-1.065217330122e+01,3.031734672160e+01,-5.114527261081e+00,-6.244068382781e+00,1.690814517741e+02,8.755714761907e+01,7.468927873674e+00,1.871235394607e+01,-1.491939030567e+01,3.960678566641e+00
1.651301010283e+02,-9.643299194652e+01,-3.951205320594e+01,-6.875388377595e+01,-3.894932483970e+01,-8.587526038378e+00,-8.464074795417e+00,2.082050057697e+01,3.068660730021e+01,9.491829355388e+00
-6.157222898060e+01,-3.384657029547e+01,-1.262404514673e+02,-3.296402418136e+01,-1.767755674011e+01,5.794782994618e+01,1.778526897443e+01,4.112326248504e+01,2.124464065667e+01,4.956130377404e-01
-9.245563583282e+01,-7.861479769958e+01,-2.125918757013e+02,-5.607702741511e+00,1.365312188090e+01,1.453660611709e+01,2.136682833818e+01,1.439741244518e+01,-2.914840161694e+01,-7.359653746680e+00
2.131447044570e+02,-1.063408760880e+02,8.672058876148e+00,-1.796354192729e+00,1.946551643337e+00,1.599417946643e+01,1.999617843413e+01,-1.365396272914e+01,3.756455848614e+00,-1.953933838037e+00
9.066979251929e+01,3.916553134352e+01,-3.734733631147e+01,-3.268863252162e+00,-1.389794574838e+01,-2.457197938471e+00,-1.536666241065e+01,2.870796567097e+01,1.577644416737e+01,-1.039844135951e+01
1.291662975775e+02,1.038162874448e+02,-1.246717088784e+02,1.322613979024e+01,-3.502799654626e+00,-2.057942304056e+01,3.239922304040e+01,-2.081939384026e+01,-9.485085617043e+00,1.763019356052e-02
1.013435879346e+02,-1.047702628308e+01,3.572180914444e+01,-1.577139641831e+02,1.231792486528e+02,-1.173305950876e+01,8.742688065905e+01,1.155201612926e+01,2.873670163416e+01,1.712040711833e+00
-9.698099824334e+01,1.146748605761e+02,-4.889073249840e+01,-8.224514362336e+01,-1.249550372277e+01,-2.489653075459e+01,-2.360761725868e+01,1.386467825685e+01,5.652672567515e+00,-2.463695649294e-01
2.052039261280e+01,-1.744873882092e+02,-1.033742751357e+02,9.721118528852e+01,-2.806189024299e+01,-1.101725779530e+01,-1.669383317126e+01,-2.986390873039e-01,2.619108410712e+00,2.207676469718e+01
-5.940788733037e+01,-7.857499256986e+01,-1.992074115288e+00,-7.337743416188e+00,-5.469653430096e+01,-3.296246874930e+01,1.895118770400e+01,-1.406417478145e+01,7.381818051494e+00,7.855967193549e+00
-6.163351361767e+01,-3.455981438107e+01,7.222467593353e+01,-1.031364688070e-01,-5.075627621024e+01,-6.007375212821e+00,3.087950073311e+01,8.511163465712e+00,-1.764663348131e+01,4.465937674479e+00
-1.206050829040e+02,7.606380580664e+01,1.028619630937e+02,-3.539385099303e+01,3.802145712636e+01,-3.381781878519e+01,-2.216912919322e+01,1.482099453624e+01,8.522921555889e+00,-1.401168409066e+01
1.039075202115e+02,-1.855567135544e+01,6.493292631815e+01,4.398445094555e+01,4.025567182915e+01,5.536184448516e+01,-1.684919844640e+01,-5.213904063413e+00,-3.836758896298e+01,-4.498763979435e+00
-1.487844357441e+02,3.641657268726e+01,-5.715233228227e+01,-2.347421660863e+01,-5.958205870033e+00,-3.930212975664e+01,-1.661595657990e+01,-1.544105252777e+01,4.882101016386e+01,7.600577045459e+00
-1.193491379286e+01,-2.149910243430e+02,7.656430742799e+01,-3.212006446520e+01,-3.530185358858e+01,7.550869263209e+01,-5.590461702910e+01,2.914275059961e+01,-2.583265574731e+01,-1.742854365282e+01
-1.791332257522e+00,-1.542619581023e+02,2.044543012290e+01,1.715425302282e+01,4.003302530050e+01,1.719953264034e+01,4.799573046066e+01,3.462476097591e+01,1.253366010294e+01,-1.739365654236e+01
1.177340261029e+02,6.353966156385e+01,4.560451187908e+01,4.335158734962e+00,-6.245156647001e+00,1.305835961265e+01,1.203232546149e+01,-3.418688677730e+01,-1.936006100770e+01,2.936548612661e+00
-1.476297084020e+02,1.507799912002e+01,-1.399220917598e+02,-5.027607003533e-02,3.824168014232e+01,-1.869238803374e+01,2.522659651399e+00,3.814647085055e+00,-2.001742822830e+00,2.029621499599e+01
7.971426284211e+01,-3.316870629494e+01,7.520084075972e+01,-1.962021890398e+02,-1.271425809947e+01,-5.534824065351e+01,-5.250936536796e+01,-1.658821026987e+01,-9.225997947906e+00,-1.593163190847e+01
1.257052078101e+02,-5.383153620622e+01,1.445311237556e+02,6.070309106922e+01,3.624123373243e+01,2.903886289280e+01,-7.614891346779e+01,-2.978183633102e+01,1.622293058236e+00,-6.124789936202e+00
1.829991065881e+00,1.186820701885e+02,-7.985296294534e+01,1.416863880074e+01,-1.479856694908e+02,1.537786689552e+01,1.672481917255e+01,-2.011169865696e+00,2.128080124511e+01,-7.110737981978e+00
1.693171054988e+02,8.856875976985e+01,1.527289852763e+01,5.037462677234e+01,7.961948573851e+01,3.015425965181e+01,-5.209008706909e+01,-2.360694883899e+01,2.863682321209e+01,-1.924520726938e+01
9.418515204808e+01,-5.622268914594e+01,2.992585397333e+02,2.993866008163e+01,-6.604460237173e+01,-3.456734025516e+00,-4.408745498799e+00,-8.645262936931e+00,8.138873075619e+00,-1.697538636715e+01
-1.742175740141e+01,-4.501674126458e+01,-5.065343513220e+01,1.603120258170e+01,3.535254068263e+01,-3.072688256817e+01,1.111875668127e+01,2.461909844081e+01,-4.141265314045e+01,-5.036068598929e+00
-1.531413515411e+02,-6.124638160435e+00,-1.010649176120e+02,-4.993536471962e+00,1.343980261759e+01,-8.666611653259e+01,-1.518432397292e+01,-1.683845106461e+00,-1.231601268579e+01,-9.400923506821e-01
-6.308029798010e+01,-2.117878703939e+01,-1.145971399550e+02,9.400015361613e+01,-2.107050458328e+01,-4.758200780171e+01,-1.167181473827e+01,9.393754469888e+00,1.304705338817e+01,4.301097502579e+00
-1.128712726602e+02,4.427699496741e+01,6.351658367012e+01,6.946118782249e+01,5.313793901519e+01,-4.518978682142e+01,4.896640795756e+01,-1.741273670022e+01,3.437003615477e+00,3.884727439210e+00
-7.473727634410e+01,-5.841406838587e+01,1.021123419858e+02,2.842527816183e+01,2.677786193411e+01,-9.979362590361e+00,1.138697814438e+01,1.978957477293e+01,1.567869936657e+00,1.293743718322e+01
-1.509447108352e+02,-1.897394045403e+02,-5.321694281757e+01,6.553530907391e+01,-2.790783044526e+00,5.595010173108e+00,-4.728248993291e+01,-3.831716673341e+01,-7.767665163575e+00,-2.159818713292e+00
1.923361727179e+02,-1.379494157874e+02,-1.195098629748e+01,-8.183297903078e+01,-3.000515822555e+01,-1.913028772958e+01,-7.423943475239e+00,9.798885737680e+00,1.353984320134e+01,-3.283381598784e+00
-9.684745571504e+01,-4.703218639529e+01,8.831521330695e+01,-1.397663524185e+01,1.218304761546e+02,-6.812417015466e+01,1.153766829737e+01,-3.112428408863e-01,-1.050766196957e+01,-5.961544460622e+00
-2.437597198090e+01,-1.419124946770e+02,3.315173949481e+00,3.127236321016e+01,3.086663407504e+01,-3.164181582084e+01,3.478713164645e+01,-4.913697897271e+01,-1.029761078124e+01,-2.369758358378e+00
-1.502695418929e+02,-1.521630007031e+02,3.599611040916e+01,1.522792196304e+02,7.301883352844e-01,-2.398552638989e+01,3.964168562527e+01,8.181934873717e+00,-4.145647222774e+00,-4.831202370784e-01
-8.092326810236e+00,-1.475462616244e+01,1.478967951435e+01,-9.550670223985e+01,2.443525825739e+00,1.651069284678e+00,-3.299960248131e+01,3.989627714410e+01,8.350774611220e+00,-6.537236528294e+00
2.546280600426e+02,-1.083741810854e+02,-8.435124180018e+01,-9.123604200167e+01,-7.917227788452e+01,5.839040604823e+01,1.764392447239e+01,-1.034335909326e+01,3.811449184875e+01,4.258742326761e+00
5.546030065430e+01,6.095795375484e+01,-5.414833874483e+01,6.303599539714e+01,-7.314081347064e+01,-5.101006186044e+00,2.585994802750e+01,2.737524080088e+01,-4.369187929303e+00,2.038531911827e+01
2.209431988777e+01,4.518213925430e+01,3.209912092166e+01,3.905347945009e+01,-1.092723471009e+01,-1.656710006229e+01,-8.158606348805e+00,-1.003339505669e+01,-2.918245512935e+01,-4.537848993358e+00
4.496876066723e+01,-5.175503478149e+01,-2.753600236699e+01,-5.479884390242e+01,5.226120111426e+01,4.704943819686e+01,2.725712579825e+01,1.626140923690e+01,-1.733107519195e+00,1.808021419711e+01
1.352706180189e+02,2.099752144768e+01,6.409945713505e+01,-8.248971849154e+01,-6.286452739213e+01,-3.432301927575e+01,-3.062413816360e+01,-6.299616926224e+01,-1.442322841385e+00,-1.226096599300e+01
-1.410029165403e+02,1.927121670737e+02,5.032205363927e+00,1.393633648026e+02,5.338404470064e+01,3.974880026128e+01,4.628835872494e+01,6.757745478844e-01,1.738995766392e-01,6.550852222249e+00
-7.706358768886e+01,-3.816614008876e+01,2.047450637812e+01,3.291241565696e-01,8.995850591403e+01,3.549984173961e+01,6.725536812691e+01,-7.000149559241e+01,-1.023286551736e+01,3.674823088750e+00
-2.505560273069e+02,-1.353307933457e+02,-4.073132032975e+01,4.423864228268e+01,-1.349156160923e+01,-7.298879158037e+00,-2.057436419149e+00,-5.155249452776e+00,5.625158524823e+00,1.716574471986e+01
2.438242334451e+02,5.416403749348e+01,6.139828519386e+01,1.417798023623e+01,-8.460290425578e+01,-1.837837430593e+01,1.226578245791e+01,1.526569461407e+01,-1.525087112160e+01,-3.532713398470e+00
-1.382721337143e+02,-1.351112936592e+02,-2.354284057820e+01,6.234878492758e+01,1.895775245763e+01,-7.820372038647e+01,-3.733390581687e+01,-4.386508455919e+01,7.114723466330e+00,-3.724822720647e+00
-6.912545509063e+01,8.304071304167e+01,9.815414759517e+01,-2.535370074891e+01,1.791358196162e+01,6.018222608645e+01,-1.825304887144e+01,-2.221844559981e+01,3.129303896494e+01,3.495988826697e+00
2.748543096313e+01,-1.796109736201e+02,-8.537931467461e+01,-4.228012574307e+01,-3.446298516603e+01,5.185443737803e+01,4.301508786052e+01,3.340352708532e+01,-5.495720537531e+00,-5.103170658026e+00
-4.891297437285e+01,3.775856380536e+01,3.989982250618e+01,6.209031564005e+01,4.772060469272e+01,3.248307425261e+01,-3.041572040722e+01,-2.956639930704e+01,-6.208963672625e-01,-8.016685335931e+00
-1.841145884112e+02,-1.307485532082e+02,-6.527598412513e+01,3.161037569630e+01,-9.144639219766e+01,-3.036273883814e+01,-1.084736255399e+01,6.562092571561e+00,9.649108299372e+00,-8.333518488098e+00
-4.564336618114e+01,6.319772296995e+01,1.164755018149e+02,8.746528437938e+00,4.712162318724e+00,-9.236988838727e+01,6.334767115871e+01,2.581299890508e+01,2.565381743820e+01,-3.342939153303e+00
1.018525077323e+02,-1.260093737979e+02,-5.969228224767e+01,1.470806074977e+02,3.622383075200e+01,5.056924130010e+01,3.117826074320e+01,3.136508383144e+01,-3.408508755100e+01,-1.951308308821e+01
6.375598949669e+01,3.619097946058e+01,-1.019501286265e+01,-1.561440375408e+01,3.358261459175e+01,6.534401597413e+01,-8.217464275649e+01,-6.030334709430e+01,2.169077377643e+01,-1.006980663291e+00
-1.475876858687e+02,-4.261247563369e+01,1.055324990040e+02,-5.257782451006e+01,3.981031374071e+01,-1.227319814403e+01,-7.401026468296e+00,4.184833029069e+01,-2.505784699775e+01,1.493789603393e+01
8.295122974066e+01,-1.136145898099e+01,1.406264142924e+02,-2.188891794398e+01,-1.324558849280e+01,1.943354318826e+01,-4.794697536143e+01,1.012475998266e+01,9.143418614707e+00,-1.771007645493e+00
5.182662194184e+01,-1.393250512338e+02,1.051887277050e+02,1.022022507753e+02,-3.307194567386e+01,-4.019038996634e+01,2.027665365099e+01,3.406583385699e+01,-2.745267197391e+01,2.017882730740e+00
-1.133796162001e+01,9.299983044709e+01,-7.712643407353e+01,1.022298456320e+02,5.410364038993e+01,5.899371360154e+01,-9.094006644334e+01,5.189398044949e+01,-1.690265930784e+01,-2.514065438588e+01
-8.805704408959e+01,1.342017283614e+02,-7.666657665011e+01,-1.767259829265e-01,7.635443669675e+00,2.352148757243e+00,8.718407702968e+00,-2.982021284664e+01,2.008735275287e+00,-1.200843841911e+01
5.165219484674e+01,-8.274724824836e+01,-5.381959185610e+01,-8.670097301005e+00,5.752958066753e+01,2.283133934876e+01,1.118832231139e+01,-2.350521586564e+01,-3.635018513483e+00,-6.212348175113e+00
1.217773676049e+02,-9.596349288878e+01,-7.425327794386e+01,-4.248010012252e+01,6.425217754952e+00,-1.535938123201e+01,2.824224792093e+00,-7.903824992435e+01,9.515995623286e+00,3.262448670212e+00
-1.590053631770e+02,5.128115524689e+01,1.748519274831e+01,8.247874027314e+01,6.383384901112e+00,5.811163727916e+01,-3.084663701167e+01,-6.325059144930e+00,-7.520874879174e-01,-6.726546990351e+00
-1.634833110314e+01,-3.202810427085e+00,2.141610656136e+02,4.719728721518e+01,5.767389606644e+00,-6.965834960610e+00,-1.872069367494e+01,5.379253882878e+01,-1.195029872268e+01,-1.121889880059e+01
-9.419258147232e+01,5.034039472175e+01,-1.151031411127e+02,4.435214154315e+00,1.545072852048e+02,5.712609020100e+01,2.870728881896e+01,3.336984630158e+00,-3.419096201827e+01,-1.088259356409e+01
-6.133713707771e+01,7.468159763792e+01,5.243665829007e+01,-6.640318365643e+01,2.647712758542e+01,4.908200756333e+01,-2.302953875388e+01,-1.567633380590e+01,2.626659985335e+01,-1.436985599581e+01
3.117562484741e+01,-1.655148752312e+02,-9.349393181939e+01,2.135698487422e+01,8.374182861321e+01,-2.726848047720e+01,-2.680743595224e+01,1.306854072525e+01,-2.329869649474e+00,3.600850906710e-01
-6.261281371088e+01,4.906574781796e+01,-3.330746045350e+01,-2.369492672260e+01,9.474894531950e+01,-5.490988890755e+01,4.983549877520e+01,-7.931610692840e+00,2.242662403605e+01,2.117083232896e+01
-1.037713902138e+02,2.743676447646e+01,-2.451961045071e+01,7.015950237621e+01,3.699139262222e+01,-1.763880386948e+01,-6.868289011845e+01,2.616119352691e+00,-3.205430300315e+01,-7.898086507206e+00
-9.854246896359e-01,1.312950008455e+02,-1.232884181761e+02,4.385965218686e+01,-4.922770198281e+01,-5.716582876018e+01,5.838626641642e+00,2.422374363799e+01,-1.248402730607e+01,3.204249142442e+00
2.113372563662e+01,6.198334916589e+01,1.752130105111e+02,1.246997231562e+01,-2.282661809919e+01,3.503932161164e+01,4.425997746537e+01,-4.356545346574e+01,2.183018129380e+01,-2.995715406801e+00
9.730642436983e+01,-1.384380892310e+01,-6.194328261602e+01,-5.936826797264e+01,6.754884461119e+01,2.291982199670e+01,3.812917852494e+01,4.080214399306e+01,1.107186619275e+01,-1.525338609343e+00
-8.832143263070e+01,1.072743081549e+01,-5.958671971938e+01,-6.141321232618e+01,1.542353959300e+01,4.512389028735e+01,5.123678836679e+01,-4.338847247589e+01,5.833722669574e+00,-3.874340132782e+00
-5.181359322488e+01,1.595628067851e+02,5.744962504640e+01,7.370156690145e+01,1.775645855348e+02,3.752220594936e+00,1.350895472592e+01,2.359927197991e+01,1.302209458596e+01,1.251283363486e+01
-2.068938265142e+02,-1.709855366782e+02,1.862791088798e+02,-1.730018741739e+01,2.576041717142e+01,3.038076221826e+01,3.840337544670e+00,-2.015725237184e+01,8.471019497277e+00,-2.129624058967e+00
1.772284319334e+01,1.454207197966e+02,-1.133881242178e+02,9.635664607125e+01,-9.025113987103e+01,6.260943525794e+00,-7.268458588770e+01,1.590960082509e+01,3.729106926447e+01,-4.526382491000e+00
7.287132598735e+01,2.192309779931e+02,1.212190290778e+02,3.792133345405e+01,-4.186887122826e+01,8.373029543254e+01,4.518227602174e+01,1.190775016909e+01,2.289587833951e+00,3.262624758424e+00
-2.055769403266e+01,-1.872189964429e+02,-1.468720707310e+01,5.645003045731e+01,-7.082368888301e+01,-9.918247146129e+01,-3.002834397623e+00,3.049848695037e+01,4.546496158781e+00,-1.267948303260e+01
6.866642713378e+01,1.015760225892e+02,1.263820176166e+02,8.045812356269e+01,-3.010756805967e+01,2.841107333603e+01,2.272634488917e+01,1.952258172339e+01,7.227184129387e+00,2.574119702749e+01
-6.594364681779e+01,-4.572691601449e+01,7.590953398992e+01,5.354889659259e+01,2.902474707704e+00,3.634988598121e+01,9.219836387897e+00,9.819211162230e+00,-1.463421074720e+01,-5.180499759770e+00
-7.185378041886e+01,7.409571082188e+00,-2.556178293921e+01,-7.590326334036e+01,-1.136244954418e+02,3.748022245071e+00,-8.432350787648e+01,-8.472926180216e+00,1.424346270152e+01,2.641064514657e+00
-5.670198741325e+01,1.186055449095e+01,1.223188362996e+02,3.909539299132e+01,-2.928586285334e+01,2.662461282298e+00,6.056428790748e+01,-5.414422012509e+01,2.626253218401e+01,5.190098184755e+00
1.854063982642e+00,-9.092903832912e+01,-7.456060323839e+01,-1.168770460360e+01,4.603918629419e+01,-4.685193734107e+00,3.046022521283e+01,2.629759093565e+00,1.964818324460e+00,-1.296826778736e+00
-2.191729322930e+02,-2.208816005501e+02,8.856063114083e+00,-1.592599989071e+02,9.593787859746e+01,7.245186661502e+01,-1.468937361822e+01,-3.786501012893e+01,1.609038495446e+01,-1.893515732054e+00
1.090926047245e+01,1.128327486709e+02,7.565631336306e+01,-4.726177264539e+01,-4.064531126127e+01,-2.071899401403e+01,-1.939991587668e+01,2.187359836082e+01,-5.943200319306e-01,4.916167961105e-01
2.978887401538e+02,-2.466444279124e+01,-5.205193377788e+01,1.791465682331e+01,4.318255389263e+01,4.128558057442e+01,3.248281358505e+01,-9.308187700773e+00,-2.855820164316e+00,2.715750569482e+00
-3.078730193463e+01,1.980208268170e+02,4.059307976421e+01,-2.613853498301e+01,1.192813711223e+02,3.992686037070e+01,3.696311224526e+01,-1.060707143527e+01,2.883594786078e+01,-1.549947323457e+01
-1.160013458586e+02,9.626050564164e+01,-1.158275693903e+02,-5.809978808247e+01,-9.422442416638e+01,-5.675157715711e+01,-4.226067048233e+01,2.226571712203e+01,-6.216941042283e+00,-1.549773371768e+01
2.484014590356e+01,1.348949348697e+02,1.148003591115e+01,-2.180260716187e+00,-2.540578022714e+01,-6.846843831967e+01,-4.542308222301e+01,-4.222795626576e+01,-5.629044930906e+00,1.157866829444e+01
1.689632201208e+01,2.091105794852e+01,4.445933965222e+00,-2.794791069988e+01,5.259429007846e+01,3.740804628996e+01,3.679787860280e+01,-2.207561155695e+01,1.688832295794e+01,-1.110196149830e+01
-1.431640002250e+02,1.360039904033e+02,-1.188500782046e+02,5.092842099491e+01,2.300662174404e+01,1.566574799611e+01,-6.090789932150e+01,7.033640129859e-01,-1.655601796697e+01,-1.514754707243e+01
1.041126742007e+02,7.570908128696e+01,-2.877504054598e+01,-6.104457101408e+01,1.689151018216e+01,-2.734397761963e+01,-1.407984032911e+01,4.134806682960e+01,9.818278627065e+00,5.638644935849e+00
8.754576915121e+01,-7.810690819698e+01,-1.321614841575e+02,-1.535221268755e+01,-5.336161350350e+01,-7.673722619880e+00,-5.021142828657e+01,3.433599753688e+01,-1.772903560332e+01,1.119430317416e+01
-1.126519904348e+02,2.073259198409e+02,-1.202612780644e+02,-9.365668003850e+01,-8.931728969490e-01,2.264239140973e+01,6.447970780651e+01,-1.948696265234e+01,-2.383743128019e+01,-1.863612685668e+01
5.727040127970e+01,-1.919924565616e+00,-1.466100634366e+02,-2.616084328314e+01,1.864042389135e+01,-1.344304101144e+02,-6.091798182610e+01,-4.860498381516e+00,1.049098798612e+01,-1.613736863235e+00
2.358770962971e+02,8.859728195041e+01,-5.515991388295e+01,-1.052633623418e+02,4.091692367918e+01,-2.111226661335e+01,-7.961016246248e+01,-5.258023390293e+01,-1.719186589837e+00,2.399165951043e+00
9.474394110891e+00,-2.690967034465e+01,6.131044137952e+01,-1.661798047141e+01,7.397746563428e+01,-3.078344152224e+01,4.538511007102e+01,-7.087316527043e+00,-3.028588305031e+00,7.721338880771e+00
-3.521577188413e+01,-1.660884594181e+00,-2.911023132524e+01,-8.599566191723e+01,5.102682362332e+01,2.114212522840e+01,-6.232494201004e+01,3.795689403540e+01,1.961071112530e+01,6.445521989010e+00
6.019260286527e+01,9.201517333716e+01,3.483782376647e+01,-1.142400321206e+02,-3.773021132570e+01,1.456578413768e+01,7.591035339177e+01,-1.073214906958e+01,6.318414181355e+00,4.948625723125e+00
1.835873722049e+02,-7.807877415571e+00,6.736489078329e+00,3.839233298803e+01,-3.459911035257e+01,-8.654086555359e+00,-5.911803234756e+01,-1.541923142575e+01,1.147556180402e+01,5.295809859443e+00
1.691158498945e+01,1.475301242716e+02,-4.545608571509e+01,1.490064730274e+00,-1.533876832225e+01,7.023895992903e+01,-3.411382283622e+01,-1.688348887573e+00,-1.279800253654e+00,5.024071544021e+00
-1.640398743460e+01,9.385794184568e+01,3.256612114621e+01,9.583217996872e+01,-6.049303000695e+01,-5.182805548394e+01,-2.085843188733e+01,-2.677958792873e+00,-1.856068523722e+01,-1.380420046149e+00
-6.834763652483e+01,-3.544458815096e+01,-3.072141847892e+01,-1.555927208253e+00,5.948944935397e+00,3.481788091090e+01,-3.089369593772e+01,-1.570739333461e+01,4.092378426432e+01,1.307223046261e+01
9.632525468352e+01,-1.338057289894e+01,-3.987131422411e+01,-2.402716503233e+01,1.073957925960e+02,3.563619148949e+01,3.650582537843e+00,-2.169762044436e+01,4.403516997886e-02,9.574805387905e+00
1.978782836278e+01,1.857044996361e+02,-2.067334763360e+01,3.113677255810e+01,-3.335824379414e+01,-2.460567723689e+00,-5.024891802688e+00,1.697393581916e+01,-2.406006728176e+01,1.400299176041e+01
-7.223268769737e+01,4.657091237729e+01,-9.839917871469e+01,-8.330378188192e+01,-8.763629420043e+01,9.155951983740e+00,-2.988162801770e+01,-3.983422951804e+01,-5.091382483231e+00,7.204016029509e+00
-1.431539650841e+02,3.078693373955e+01,3.986793329536e+01,5.467340661028e+01,1.268067028659e+02,1.354189860878e+01,2.929554838191e+01,-1.082708236470e+01,-2.011398501718e+01,5.830293495365e+00
-5.350808749028e+01,-1.033171459589e+01,-2.855318639226e+01,8.163304806566e+00,9.091751536628e+01,1.103885897800e+02,-1.049566489816e+01,-3.556069842954e+01,1.044433634722e+01,1.181702189440e+01
-1.441168599234e+01,2.114590471361e+02,-1.927491004410e+01,6.176914647546e+00,6.160749556027e+01,-5.420992639430e+01,9.844952492430e+00,-5.927230275987e+00,-1.539254794470e+01,1.009736108974e+01
-1.533278904242e+02,-1.122700759076e+02,-1.222793111355e+02,2.019510721633e+01,1.608752015386e+01,-3.605369518782e+01,-5.143115620012e+01,-4.473071545856e+01,1.177269949210e+01,8.249753968388e+00
-2.059948212812e+01,1.109496982527e+02,-1.557544322531e+02,-5.988066696089e+01,2.830043967272e+01,-6.781408067934e+00,-4.275294859647e+01,1.413255866198e+01,-4.338347104220e+01,5.812363357692e+00
7.546564777760e+01,-7.658009611317e+01,-1.690781547212e+01,-8.423134510035e+01,-3.576392458804e+01,-1.870816496118e+01,1.493080806087e+01,-5.164050826701e+01,-1.595872609015e+01,-4.863143444553e+00
-1.155261512949e+02,-2.166536386550e+00,3.606544425339e+01,-5.164724390403e+01,-3.254735095620e+00,-1.435803382614e+01,-5.926936125715e+01,4.394879345809e+00,-7.566542678295e+00,2.229453819463e+01
-3.312903701556e+01,1.785202883429e+02,-2.495525428379e+01,-2.633800412779e+01,-1.021560626777e+02,2.464294006348e+01,-2.191773535716e+01,2.357527452324e+01,1.605004423939e-01,1.804114587642e+01
1.678419988030e+02,-6.477980583479e+01,-8.295489946675e+01,-2.844391600942e+01,9.296090610610e+00,8.988874750135e+00,-3.515840013871e+00,2.189554700517e+01,2.779028272429e+00,-3.751749381602e+00
8.200940810945e+01,-1.091987446572e+02,3.573794818415e+01,2.236102401135e+01,-3.741536569339e+01,-9.848267701016e+00,-7.710257638165e+00,-6.578242413276e+00,2.326359603434e+01,-8.995782953264e+00
-1.287090864629e+01,1.366707234484e+02,-1.209931893748e+01,5.878193827078e+01,-1.129228696903e+00,-6.131878779517e+01,-2.054521593450e+01,3.003583032819e+01,-2.689234970632e+01,9.215919314366e-01
2.711732363043e+01,1.129494414546e+01,-2.143658494498e+00,1.821208293706e+01,3.019769811404e+01,8.802697175676e+01,9.336200001506e+00,-3.167255938767e+01,4.643512945857e+00,-1.144959140738e+01
7.856167468076e+01,7.559000233915e+01,1.390588774889e+01,1.408801575195e+00,8.171327862114e+00,6.260143162104e+01,-5.574157207931e+01,-1.717463686069e+01,-1.402005739285e+00,-9.144115164243e+00
1.556035580081e+02,-1.108466808362e+02,-1.492612402305e+02,-1.959583819739e+00,5.904466045953e+01,3.215754326071e+01,6.922991372457e+00,-3.033103043374e+01,8.290931158580e+00,-5.355490058807e+00
6.437003664021e+01,-1.239530476877e+02,-5.664976713798e+00,-1.884364707720e+02,-2.777152359015e+01,2.221790420518e+01,8.003591162375e+01,4.157624645059e+01,2.589688111263e+01,1.634382645339e+01
-1.521958593534e+01,7.096320522139e+01,1.268610303696e+02,-9.430796820864e+01,7.772932635444e+01,2.300782227173e+01,1.808827573687e+01,1.428568486765e+01,3.429111266659e+00,-5.931592525420e+00
-2.239008212533e+02,-1.873896789337e+01,-8.315012200629e+01,-6.929908258348e+00,-1.304530986287e+01,-4.633301730133e+01,-5.553327943837e+01,-2.614264379826e+01,8.505565879344e+00,2.348095203255e+01
-4.011292558765e+01,-5.058422880299e+01,-1.133717122426e+02,-5.561572749881e+01,-7.046871531703e+01,2.979760420355e+01,-2.459296500888e+01,-2.247644951929e+01,4.886064994452e+00,-4.922056053804e+00
4.194244867421e+01,6.758217050814e+01,-2.989143901620e+00,-5.636336363143e+01,-2.746930997049e+01,-3.415109356284e+01,-6.035684310659e-01,-3.691089044430e+01,-8.339686167941e+00,3.816697923291e-01
-2.066590537601e+02,4.290632203789e+01,-2.868535086043e+01,1.119929409341e+02,-6.935711627435e+01,6.885133812831e+01,1.029464387120e+01,-2.018874375302e+01,2.835845598878e+01,1.453154745759e+01
2.140017636767e+02,9.865075133385e+01,-4.478831583030e+00,4.200812481657e-03,5.622046163428e+00,-2.294906837914e+01,-1.128508612337e+01,-1.652865525736e+01,2.926704547007e+01,-1.660417227069e+00
-1.084475451220e+02,4.856507897430e+01,-3.856772750644e+01,-4.284649331881e+01,-3.848353454356e+01,2.546762688516e+01,-6.082405078034e+01,-1.874167282857e+01,-1.965622668383e+01,3.228873911247e+00
3.471872787303e+01,-9.225448704183e+01,-9.334833053681e+01,-4.218523417078e+01,-3.966897061715e+01,-1.361967411319e+00,-3.114899049058e+01,-1.795899439094e+00,2.168962027930e+01,6.616909677598e-01
1.814599149407e+01,-2.610817275139e+00,-1.503863627524e+02,-5.565350784153e+01,4.355206853047e+01,5.486277416323e+01,-5.891225478893e+01,1.321896651647e+00,1.093984658947e+01,-5.335496848907e-01
-3.320473878995e+01,1.233965260007e+02,-3.814871504573e+01,6.923636400674e+01,2.480754307908e+01,1.745659652210e+01,-4.392793227531e+01,-8.309994201192e+00,-1.857848626320e+00,1.162060901578e+00
1.103727910524e+02,2.176860605492e+01,9.801222189512e+00,-8.225135271897e+01,3.932908169395e+00,-9.821979174062e+01,-3.053196622228e+00,9.419604007620e-01,-5.916194347739e+00,-3.961085918182e-01
7.349733836298e+01,-1.791032455392e+01,4.538010121930e+01,6.139587195165e+01,-3.367554468334e+01,-3.938003862571e+01,2.120724393039e+01,-4.609850784053e+01,-3.796712853591e+00,-3.461912196344e+00
-9.291255159237e+00,1.941337891753e+02,-3.774338330399e+00,1.739916725050e+01,-2.096164441367e+01,5.030368522883e+01,2.892454316433e+01,-1.404758680331e+01,1.153205577996e+00,5.183266393150e+00
-1.117471529207e+02,-4.088297886061e+01,6.121105398238e+01,-1.739167688559e+01,5.247361158006e+01,-6.928409119702e+01,2.729528090543e+00,1.930647190353e+01,-9.728338100069e+00,-2.150974150275e+00
1.521356627489e+02,1.604671257003e+02,4.460542750885e+01,-2.367626433017e+01,-6.507544140829e+01,2.223773022108e+01,3.220393186273e+01,4.134755846753e+00,-3.652341804083e+00,-6.163100016992e+00
-4.301813220882e+01,-4.666359428403e+01,3.837563301113e+00,6.287984524310e+01,2.316572476314e+01,-9.981209758848e+00,1.562003897471e+01,-6.846751901139e+01,-2.792536371326e+01,-2.644902188493e+01
6.925698224158e+01,-1.977759456446e+01,1.429626699230e+02,-5.718654595872e+00,-1.739426465319e+01,6.915722686411e+01,-2.730573207622e+01,-3.838307677754e+01,-1.615575206170e+01,-5.692399262343e+00
-2.189097888309e+02,-2.106020380562e+02,-1.351762573301e+01,-5.108720213140e+01,1.711696615556e+01,4.146860743254e+01,4.201901828759e+01,2.680266193218e+01,-1.189932597365e+01,7.158701531926e+00
-2.784564826934e+01,1.098735938041e+02,2.181918710124e+02,1.200671488556e+01,9.232438407739e+01,9.928861788518e+00,3.015557304883e+01,9.166580130945e-01,2.638346513717e+01,1.396274585470e+01
5.568559609228e+00,-9.877079900915e+00,1.030070666207e+01,6.354959666941e+01,-5.744968989656e+00,-6.884905889682e+01,3.316519038877e+01,7.875671026992e-02,-1.620188571345e+01,-3.888180362224e+00
-3.038075803335e+01,2.756005043410e+01,-1.065964478861e+00,6.067079989311e+01,-7.068207396444e+01,4.368726389582e+01,8.328844302629e+01,-2.150534312171e+00,1.479171116662e+01,-1.632710617242e+01
-1.531961070915e+01,-1.935137720096e+02,-8.976021985377e+01,-6.103824470057e+01,8.524380933422e+00,-1.175728485350e+01,4.955825973104e+00,3.136111193445e+01,2.622264285274e+01,8.726458152621e+00
-3.749759744652e+01,-1.002812351835e+02,4.612209886618e+01,4.600922947270e+01,1.133488155147e+01,-3.221720222928e+01,-3.410992023545e+01,1.650628852132e+01,2.563372110227e+01,3.442373171092e+00
1.205798385071e+02,8.009245101667e+01,2.501878502828e+01,-1.001175399987e+02,8.674301241583e+01,4.871924222364e+01,8.217972748094e+01,4.590764655738e+01,2.172199453394e+01,3.269570241411e+00
1.273096639955e+01,2.495502651284e+01,1.375032855884e+02,-4.432656588342e+01,-1.594176058842e+01,-6.631855973516e+01,7.805620955794e+00,1.553345709994e+00,1.368342574181e+01,-3.646215771608e+00
3.368203355676e+01,-1.463742553129e+01,-2.395917421958e+01,5.929043641309e+00,-5.138550550812e+01,5.609989960386e+01,7.089287160781e+00,-2.475044834537e+00,-6.608978356616e+00,1.969002793851e+01
-9.476043827756e+01,1.091613896079e+02,-1.008238622701e+02,2.346803173617e+01,-5.220355118260e+01,-3.865239209259e+01,-5.226838929058e+00,1.935111197524e+01,-9.952332992700e+00,8.429680760595e+00
2.213513576914e+01,-8.700548868274e+01,3.737796443436e+01,-3.228383476295e+01,-8.899655176507e+00,5.518591869067e+01,8.993158840174e+00,3.160327630287e+00,1.394234881499e+01,6.500969851905e+00
-2.369285114853e+01,1.021611825797e+01,-8.794714312848e+01,7.123644742054e+00,-1.750728975100e+02,6.378216478786e+01,-7.690712570393e-01,2.502239261748e+01,7.341200158934e+00,7.557601762183e+00
5.308422771909e+01,1.917405106631e+02,-6.723910748849e+01,4.576852749322e+01,1.339824718616e+02,3.253081854796e+00,1.672751479165e+01,2.169542692060e+01,2.853842513008e+01,-3.870994933922e+00
3.208238995932e+01,-4.645383563285e+01,1.266131769705e+02,-3.684238529481e+01,4.244668385801e+01,2.942574285992e+01,5.754267620566e+01,-4.802150806581e+01,1.935406190308e+01,1.001852078583e+01
2.371794809803e+02,1.898176477565e+02,9.161798445091e+00,6.276578556863e+01,5.975859896820e+01,-1.795284555283e+01,-8.574160539257e+01,-1.162835579087e+01,3.835438885059e+00,8.240740616572e+00
-2.133434434536e+02,-5.534119493771e+00,6.164075423390e+01,4.108188479906e+01,7.288018069422e+01,2.169275193140e+01,5.225387437149e-01,-2.905701863293e+01,2.332582339306e+01,-3.077758182307e+00
-4.498823304482e+01,-4.810299043465e-01,-1.950814696413e+01,-1.510741266333e+01,7.744491475187e+01,5.008870334348e+01,1.565596196302e+01,1.492450701673e+00,2.951546911320e+01,-1.051148026046e+00
-4.584490963295e+01,5.390135193579e+01,-1.734754268930e+01,1.141957694770e+02,3.848580278631e+01,1.166560605956e+01,3.825164573076e+01,4.654410271257e+01,9.115314997868e+00,2.521110427183e+00
6.709296258727e+00,-1.375365641648e+00,-1.423071668992e+01,-4.110578908910e+01,6.344354040966e+01,-3.823189725722e+01,4.016777127169e+01,-1.702281060607e+01,-1.492299064058e+00,1.989348894944e+00
-6.018978894048e+01,-1.914627790084e+02,-1.646632041144e+02,3.638278607008e+01,5.615900111632e+01,7.100825377331e+00,1.817618595273e+01,-1.333120158977e+00,-4.100317984805e+01,2.451981851267e+00
1.137986659393e+01,-1.045342623523e+02,-8.000751357832e+01,-1.329099528962e+01,-9.612082986305e+01,9.130301212024e+00,2.881155547648e+01,2.111770400952e+01,-9.055329746271e+00,-2.435355757410e+01
1.073175598997e+02,-5.199453604653e+01,-5.816859017686e+00,-5.146194689592e+01,9.270080685775e+01,1.313626346749e+01,-2.269990685653e+01,1.288082147834e+01,-6.074326083370e-01,-2.790874380412e+00
6.553466561127e+01,-2.113441200249e+01,2.804628137813e+01,-9.312772029582e+01,-9.545171158832e+01,-8.771710370861e+01,-1.827873647670e+01,4.888786973613e+01,-1.960114441676e+00,9.287585489579e-01
1.119655099003e+02,6.146952428432e+01,9.523871633650e+01,-2.527174165877e+01,-3.344687388789e+01,-2.641192750675e+01,-2.583884038760e+01,-3.760684024292e+01,-9.638532082755e+00,4.533320682209e+00
-8.719317154695e+01,-3.294861788471e+01,-1.660601923289e+00,1.103382931806e+01,6.736930593950e+01,-3.477611460925e+01,1.416560247019e+01,4.701291455030e+01,-2.758791621784e+01,-5.029141061105e-01
-2.843158502482e+01,-2.087872212508e+01,-3.922681595445e+01,-5.067510431671e+01,-3.835224469292e+01,2.266108077543e+01,4.564206664550e+01,-2.613694112736e+01,-2.759094802627e+01,-2.586090361355e+00
1.357913563191e+02,1.325651113848e+02,-4.656037033049e+01,-7.011849602384e+01,-4.977727340796e+01,-2.923379218528e+01,-8.771190147555e+00,2.044840722759e+01,1.024926872062e+01,-1.405656458591e+00
1.533334274734e+02,2.018013665189e+02,-4.587720471514e+00,3.690172209005e+01,9.609493190839e+01,-1.532509384231e+01,8.853578197362e+01,2.721154216605e+01,3.058974103166e+01,1.055680902207e+01
