-1.090639433398e+00,9.949331660964e-01,-6.824122812908e-01,-8.050484395542e-01,-9.018646852421e-01,1.040031425991e+00,1.070148942774e+00,-9.079585390658e-01,2.919073735546e-01,-5.081797379652e-01
2.324364534300e-01,1.425824750653e-01,2.617616925047e+00,-4.641503693029e-01,1.542097775433e+00,2.137044939901e+00,1.151638245993e+00,8.309177057998e-01,-6.335080830681e-01,-1.122250334893e+00
1.256909478367e+00,6.344910104310e-01,8.028864756076e-01,-1.091482689537e+00,1.206879293109e-01,-2.639152070551e-01,-1.522265015272e-01,3.507955219104e-01,2.894117139323e-01,7.419871297229e-02
-1.527391923434e+00,-3.791809893718e-01,-1.095325155904e+00,-1.161655746078e+00,2.388746549960e-02,-1.190413187926e-01,5.259363219022e-01,1.966614282587e-01,-2.743854489484e-01,3.744013917774e-01
1.768571620280e+00,5.357163751367e-02,1.520417369016e-01,-5.572805414995e-01,6.354220456798e-01,-4.604827207182e-01,1.600188332003e+00,9.699454891177e-01,3.523098500282e-01,-2.710294502073e-01
-3.902243041837e-01,-4.537408731439e-01,-1.134166901072e+00,1.742681783396e+00,1.514847320809e-01,2.652452753476e-01,-7.946868448744e-01,-1.696267529327e+00,-1.173994931987e-01,-1.145001070390e+00
-6.755342984428e-01,-2.741263309598e-01,9.720884555391e-01,2.955481631045e-01,-4.456310775889e-01,-3.243037834383e-01,-9.497992121769e-01,1.671207637768e+00,6.665710811224e-01,6.864919456751e-01
8.992771871082e-01,-8.001147364601e-01,3.595992802704e-01,9.537168706246e-01,-1.129571942038e+00,7.038243205348e-01,-9.436512108690e-02,-1.838040907875e+00,-4.519249735604e-01,2.516598720462e-02
9.426345750100e-01,-9.734959636009e-01,-2.899288040088e-01,-1.756909432161e+00,-6.236342455603e-01,-3.863315360497e-01,-1.645286347910e+00,-6.768438133548e-02,-1.361030214541e-01,6.246633148507e-01
6.012516416249e-01,-7.088994910620e-01,1.231176556037e-02,-9.710608649084e-01,1.325225775258e+00,-3.428344562940e-01,-4.917884377532e-01,-1.005788724878e-01,8.899834141036e-01,-1.132526415174e-01
1.149058853936e+00,-1.061239696918e+00,2.743450645570e-01,9.880192238165e-01,3.165739378362e-02,-1.364004599874e+00,1.049502584306e-01,4.345427752079e-03,4.880840407440e-01,-5.841981689755e-01
-1.220943146263e+00,-6.163615920054e-01,-5.896995967139e-01,2.009207457819e-01,-6.242012939747e-01,1.423430994928e+00,1.432102986903e+00,6.959853760553e-01,-7.717920723776e-01,-3.135515910031e-01
-3.212348667983e-01,8.670923594406e-01,-3.190956816839e-01,-2.017655784802e-01,1.703577334674e-01,1.522605778298e+00,2.602058954506e-01,1.331811909010e-01,2.445139241422e-03,3.684448122025e-01
9.986826796260e-02,5.244273188672e-01,7.435476254455e-01,9.400817913792e-01,-1.920251715928e+00,4.804442692781e-01,1.372066342113e+00,-1.284549835802e-01,-2.883258290039e-01,-5.434757188433e-01
-1.948269438857e+00,9.981096468549e-01,1.696843808935e+00,1.242569144186e+00,-8.220617562040e-05,-5.193820025723e-02,3.293359425945e-02,1.289074288071e+00,-8.439989526778e-01,7.867971319218e-01
-1.452996095501e+00,2.553960222271e-01,-1.527907506025e-01,2.066766641050e-01,-4.572266695528e-01,-3.389330093743e-01,-6.957723217908e-01,-4.325290767563e-02,-3.016063153559e-01,4.316374750728e-01
2.336851274833e+00,4.052276950067e-01,9.681859574423e-01,-5.625401381880e-01,1.079348518853e+00,2.927848446138e-01,1.233072145446e+00,-8.352638219489e-01,-2.740531908526e-02,-1.350342359408e+00
1.318588035142e+00,5.121896027975e-01,3.281841958710e-01,2.683289720597e-01,2.055610347876e-01,6.244333849768e-01,-3.351668116387e-02,-4.449452110624e-01,-2.011179626493e-01,5.304948192575e-01
6.650275131214e-01,-3.615417968355e-01,-1.355940046114e+00,-4.326200993347e-01,-3.763380142843e-01,6.250372166767e-01,1.006591368376e+00,5.506680787657e-01,5.657946422182e-01,-3.038206324606e-01
3.771723670416e-01,-7.329947280537e-01,-1.655292815882e-01,5.512922075388e-01,-4.573463947329e-02,-5.176765821294e-01,-4.088201398358e-01,-2.811987202650e-01,1.200204191239e-02,1.527681658723e+00
-7.533324931143e-01,8.675798277487e-01,-7.873551796234e-01,-1.411566344326e+00,1.187328151271e+00,-4.853022777811e-01,4.480884387472e-01,1.384820403076e+00,-1.826219503458e-01,-1.101295007290e+00
1.036523302899e+00,-1.408852483258e+00,-1.906834400787e+00,2.161366281919e-01,-8.098363397196e-03,-4.623642846913e-01,-4.753825431320e-01,4.809545649247e-01,1.053335661746e+00,1.378978745737e+00
-1.156674732050e+00,-9.192409079364e-01,1.355453497785e+00,1.124788140112e+00,-1.173788239076e+00,-3.485449694676e-01,9.152598533757e-01,-3.002734263604e-01,3.418232497096e-02,-6.161067606754e-01
-3.029317390762e-01,1.597700367185e-01,-2.831981372339e+00,4.356638009524e-01,-6.484529928757e-01,8.819521384416e-02,-5.751283602661e-01,1.840656891227e+00,-7.341301158479e-02,-7.356143200736e-01
4.276770232251e-01,-1.346249818718e-01,-6.325025397105e-01,-8.038473572821e-01,-9.080277830803e-01,-7.846866451324e-01,-1.089250749260e+00,-1.648218841321e-01,-1.047675462406e+00,5.361625889167e-01
-1.497703681551e+00,-8.498626028519e-01,4.597833759501e-01,-7.492600307450e-01,5.470838746902e-01,-1.099334244946e+00,9.113348395679e-01,1.812040642359e+00,-8.397381783618e-01,-3.335953105910e-01
1.983069406744e-01,2.955040482884e-01,1.161669626793e-01,9.216302074872e-01,-1.061270699746e-02,-3.131320250093e-01,5.953026472204e-02,7.370068652528e-01,5.519688579747e-01,-6.759916910976e-01
5.683044657748e-01,6.594662970063e-01,7.015777463249e-02,5.617757519134e-01,1.698166226107e+00,1.316994189377e+00,4.667803650338e-01,-4.265104095091e-02,3.234407402833e-01,-6.565397055849e-01
3.723048268911e-01,2.463744723249e-01,1.634089923603e+00,1.478374034834e+00,2.760572070971e-01,6.672270685283e-02,6.713905589957e-01,-9.766389069066e-02,-5.607052567912e-01,1.332541937418e+00
-1.770637878111e+00,-1.088405644008e+00,-6.932353789474e-01,-4.622290092840e-01,1.251645765109e+00,-2.321461377033e-01,-1.029022396356e-01,8.566521180582e-02,-8.145455725012e-01,3.461442658889e-01
7.074132379674e-01,1.142011689668e+00,-2.579963322765e+00,9.762636468565e-01,-1.150011613094e+00,-2.641774770309e-02,-2.885825046617e-01,-1.341293808204e-01,-3.960177103747e-01,4.689192513607e-01
3.521419776902e-01,-9.083192967652e-02,2.099929381070e-01,-1.673283994724e+00,9.737529433326e-01,1.477776293344e+00,-7.413539740716e-01,-5.354141517548e-01,7.136743584362e-02,4.711259292051e-01
1.589095728764e+00,-4.974817219026e-01,1.070400739367e+00,1.726738078140e+00,-7.503092810352e-01,4.571492323756e-01,-1.213363968399e-01,2.465542400610e-01,5.807723904262e-01,3.343217479688e-01
2.349382472955e-01,-4.517871953677e-01,9.867598042705e-01,-6.037780132999e-01,-2.598951295129e-01,-2.240457325230e-01,6.885557755123e-01,-5.934262171642e-01,8.213494509069e-01,-1.098666916845e+00
-9.607293206049e-01,1.197494708289e+00,-1.717600406492e+00,3.435379043948e-02,-2.160373462916e-01,-4.756248298633e-01,1.364146447442e-01,-1.595315370762e+00,-1.075643299850e+00,-1.001017466352e+00
4.867118502355e-01,1.093135291597e+00,-9.782169080641e-01,1.355282492641e+00,3.023607913469e-01,-7.006431361366e-03,-7.677030352553e-01,6.643835814591e-01,-4.431588390097e-01,-1.799325756918e+00
2.067607078428e+00,-1.844089393349e+00,1.638106057504e+00,9.056603019113e-01,-1.598337294911e-01,-1.954280219264e-01,-1.997156949462e+00,3.202330959768e-01,6.797891577391e-01,1.696505398566e+00
-3.406611264746e-01,-9.921537201799e-01,-3.279763599135e-01,-9.263876329842e-01,9.927356183717e-01,1.961671436757e-01,6.238845074375e-01,4.145457471576e-01,-9.220398069068e-01,7.632252922640e-01
2.356214025301e+00,-1.101255119693e+00,7.035850130140e-01,3.930887916913e-01,-1.511106232214e+00,7.770112305668e-01,4.215968044943e-01,7.963937440486e-01,-4.467433067994e-01,8.129450261348e-01
-2.386949590013e-01,5.984433282970e-01,-5.318464016420e-01,5.276242716128e-01,2.164424951664e+00,4.158697384913e-01,7.976801005153e-01,1.387301899809e+00,1.852436580690e-01,-9.954854414826e-02
1.292850199067e+00,5.150146347965e-01,-7.286904278833e-01,8.761511197390e-03,7.218465075705e-01,5.752470733914e-01,2.356145882321e-01,1.300570000244e-01,1.227992923002e+00,-4.509557502540e-01
1.252446698730e-01,-1.857489049918e-01,-1.321677016119e+00,1.213468289017e+00,-1.162729711730e+00,6.080580042383e-01,9.889917397294e-02,8.104378540755e-02,1.049234513220e+00,7.498591650876e-02
-3.832230363371e-01,-4.444755676368e-01,-1.183088744155e+00,-5.765708318303e-01,4.348215602476e-01,1.551853125948e+00,4.450442901368e-01,-9.467468042912e-01,5.759397581074e-01,-1.108842887675e+00
-8.108782517150e-01,-5.274387810514e-01,-6.611163225530e-01,-3.695681184389e-01,-1.002759238648e+00,3.222694394765e-01,-4.512731674817e-01,-1.259278814245e+00,-1.115415368901e+00,-4.718392581910e-01
-2.012299426120e-01,-7.708515649328e-01,-1.210182926124e+00,-5.952566093159e-02,-7.779399843025e-01,-1.104933550545e+00,3.424652257142e-01,-3.208077705097e+00,4.148948686797e-01,8.842813943230e-01
-1.190684046393e+00,-1.719972773025e+00,-3.336634122908e-01,-2.852525937738e-01,2.985314327457e-01,4.333583129424e-01,-1.836357988426e+00,-5.487256812450e-01,-7.246631951938e-01,7.179108928973e-01
2.902774925472e-01,-5.804799488134e-01,8.916323006791e-01,7.206304637668e-01,4.323628126591e-02,-9.347497530989e-02,4.784800636225e-01,6.906038775459e-01,1.189001830284e+00,6.343033681034e-01
-2.295141682141e-01,9.391105002439e-01,9.514324434219e-01,-6.664085167217e-01,3.720284339241e-01,3.757624782308e-01,-1.035564395633e+00,8.061879457502e-01,-1.193745345196e+00,1.703415161781e+00
-2.909007741400e-02,7.552669355454e-01,-4.385343090661e-01,-1.859712858234e+00,-9.600923403116e-01,1.094539819154e-02,-2.098503933351e-01,5.639740258621e-01,-1.021161447439e-01,6.973409618927e-01
9.360571428400e-01,-9.666657232955e-01,1.200275399417e+00,-1.197350138170e+00,-6.663463690279e-01,6.605841801876e-01,-1.346301454915e+00,5.816856381417e-01,9.769717073949e-01,4.965293500065e-02
5.714731260439e-01,-1.561702090179e+00,7.385300231018e-01,3.271063302292e-01,4.338388843511e-01,-2.365408325965e+00,1.510906434199e+00,-5.215001458289e-01,6.935910375516e-01,-2.424837543124e-01
2.005335479231e-01,8.616435244005e-01,-5.120753250321e-01,-4.061665756401e-02,-3.111827139926e-01,-6.615422187833e-01,1.529938220542e+00,-4.336841573383e-01,-4.746071647054e-01,1.970324178651e-01
-1.390854341774e-01,1.790184580625e+00,5.657064714619e-01,-2.863345772216e-01,-3.772717325590e-01,-1.532958608762e+00,5.447925555762e-01,5.588402167002e-01,-7.994798619319e-02,8.742640698748e-01
3.355770241370e-01,1.847305177217e+00,1.394697803469e+00,-5.510392105187e-01,-4.626785715772e-01,5.837314198188e-01,-3.883976206856e-01,1.761421776608e-01,-4.227556022398e-01,1.093469326590e-01
-1.477989395613e+00,-8.459840938851e-01,9.340595644642e-02,-1.164566645527e+00,-5.748307411618e-01,-1.571235424118e-01,7.130066590451e-01,3.527850762883e-01,-4.708999467210e-01,-1.696779906466e+00
-5.206323493859e-01,-7.925288382338e-01,6.144751487186e-01,-8.471881342606e-02,2.617876062447e-01,4.347227790776e-01,5.527193622521e-01,1.460143077220e-01,9.740391406210e-01,-2.370095343863e-01
-9.607206184450e-04,-6.074860840727e-01,-4.365105982750e-01,6.665789680752e-01,3.577829323441e-01,4.972627344687e-02,9.238434755243e-01,7.472673280391e-01,-6.422999318941e-03,4.351521331747e-01
5.010431825301e-01,-5.666440090484e-01,-7.180163168576e-01,-1.150005058526e+00,1.696273424305e-02,7.466490099282e-01,5.935447977938e-01,8.984869716432e-01,4.739463539229e-01,-1.608332260142e+00
-2.115340487178e+00,-1.213941908705e+00,-1.168871903225e-02,-1.020745162253e-01,9.188226579301e-01,2.615101833843e-01,2.123945646061e+00,-1.450796328467e+00,6.717404229427e-01,-2.086123610812e-01
-6.170260911606e-03,-2.304945110792e-01,-1.667399008632e+00,-1.319978107288e+00,-8.160564942835e-01,-8.533132181774e-02,-1.270849761226e-01,-4.196674928473e-01,-4.751155032073e-02,1.887200839990e-01
-7.436543585217e-02,-4.854163400715e-01,6.055361434193e-01,1.205774671255e-01,-3.148606014567e-01,1.356469226947e-01,2.146684503135e-01,-1.856319764309e+00,1.110163319482e+00,6.164378447756e-02
1.245603062483e+00,1.214070927076e+00,3.471368366454e-01,-1.756714928731e+00,-5.948839943309e-01,-6.009295253443e-01,-7.827673017918e-01,-1.166958539083e-01,-1.122654918288e+00,3.242504136947e-01
2.330313514770e-01,-5.565640479448e-02,1.245964503279e+00,-9.713507008328e-01,-5.176582571844e-01,4.132581860593e-02,-6.034088304118e-03,-1.299291132284e+00,-3.590833801407e-01,3.358815398859e-02
-1.042438833606e+00,-1.086741632087e+00,3.549616887304e-01,-1.069860573599e+00,-1.170908073150e+00,-1.133561476059e-01,-2.753962779343e-01,1.630600408518e+00,1.646733139916e-01,-1.383062223014e+00
1.304509622882e+00,3.409833367806e-02,-1.500113615265e-01,1.110593731797e+00,-9.066527674571e-01,-1.354023293515e+00,-1.197549829340e+00,-7.506140117765e-01,-1.593539306873e+00,-4.483525444354e-01
8.813615483225e-01,-3.361348601344e-01,-4.592120858631e-01,-1.443829649194e+00,-5.850129150855e-02,6.217356355774e-01,-2.498471977622e-01,1.200360363067e+00,3.213031681009e-01,2.020003969084e+00
-5.297462711662e-02,-2.443610389450e-02,4.664022213482e-01,-2.611103041150e-01,1.183909875525e+00,5.444296728855e-01,4.700030474629e-01,5.372764634068e-01,1.250519349571e+00,-8.468352729248e-01
8.038700361803e-01,-3.282002721903e-02,-8.640771118209e-01,-4.089878154189e-01,-3.943105338192e-01,-2.066119194585e+00,-1.255539143887e-01,4.599959564898e-01,-4.657974354113e-01,9.570179312223e-01
-1.613981183467e+00,-2.092491704841e+00,-1.066368056067e+00,-7.475778478843e-03,1.937032437134e+00,-1.104764297388e+00,1.676620443217e+00,-1.016818309526e+00,5.649017889790e-01,-3.377510306892e-01
-1.261251666267e+00,-3.740710824108e-01,-3.259717887451e-01,1.606284840678e+00,8.981576918002e-01,-2.444533312377e-01,-2.439018651230e-01,-1.075701138993e+00,-4.243590369157e-01,-4.472742547757e-01
1.664357672483e-02,1.480909847084e+00,-1.110364725107e+00,1.036632266192e+00,4.479869132027e-01,-3.676350157183e-01,-5.084611968816e-01,7.507931679938e-01,1.207910763904e+00,-4.857249262287e-01
5.568434594888e-01,-1.574187589792e-01,7.003867335957e-01,-1.792245946873e+00,-8.289301462239e-01,4.136627859899e-01,1.044986405585e+00,7.958833960041e-01,-3.719287387879e-01,-1.034935087040e+00
2.733361001705e-01,-7.763672312100e-01,4.419877721560e-01,5.105084020348e-01,-1.298588479068e+00,-3.997057790929e-01,-3.633887692494e-01,1.738380464332e+00,-4.373240402475e-01,-3.041977012424e-01
-6.701512074267e-01,-4.315843693979e-01,8.484964514883e-01,-9.416064181044e-01,1.242079795577e-01,4.697664023252e-01,1.234647660406e+00,-1.490473191523e+00,-7.621307102560e-02,4.187102236165e-01
-4.302531897439e-01,1.583391493814e-01,-8.489998108062e-01,-5.533116842687e-01,-7.700707630404e-01,-3.770782743405e-01,1.300196567773e-01,4.449737620004e-01,2.756802860772e-01,3.366836514988e-01
-6.016195260423e-01,5.336619130617e-01,-1.124867006960e+00,-3.089364138555e-01,-5.109721340313e-01,5.321325125754e-01,1.204432520624e-01,4.152264392832e-01,7.489410721393e-01,-2.851149317367e-01
2.609630415936e+00,-1.655659816241e+00,-6.657791501550e-01,1.889379512885e-01,1.064959815416e-01,-2.987275228084e-01,3.150160778934e-01,-1.631945456444e+00,-7.358999384532e-01,6.448418680488e-01
9.657916808004e-01,-3.088409797714e-01,-1.437541945975e+00,5.424521306560e-01,-5.075113710859e-01,1.481118815629e+00,1.471128143028e-01,3.984635062369e-01,-2.529838993613e-01,-2.874316594776e-01
-1.768678616451e+00,-1.182726205483e+00,-1.027484879888e+00,-5.370164718722e-01,-6.551752921351e-01,-2.934594384123e-01,1.028534014299e+00,-1.894710324998e+00,-4.674499871100e-01,3.853634862401e-02
-7.825042994816e-01,5.484655731941e-01,-1.434737815745e+00,-1.112931124990e+00,-6.719915608969e-01,-1.535932289017e+00,-1.045777461193e+00,1.363888088609e+00,4.873499233408e-01,-1.288092800266e+00
-8.286707112179e-01,-1.455249923140e-01,2.078582140153e-02,-1.310981965579e-01,-5.646272362341e-01,5.601870782360e-01,-1.235226038021e+00,1.777443989161e-01,1.882278648788e-01,7.721200557283e-02
-3.193775970098e-01,-5.798472366555e-01,-2.808666108546e-02,6.863127834806e-01,1.288758559569e+00,2.486465937244e-01,9.383872547518e-01,-4.589614416371e-01,1.695622905904e+00,1.345518090432e+00
-4.257308617408e-02,-1.864261211167e-01,5.140981574113e-01,9.462008476259e-01,-4.377823476716e-02,6.988970267025e-01,-1.227126946767e-01,-1.881539436876e-01,-1.338206336837e-01,-5.105170613752e-01
3.686598824141e-01,1.154239017508e+00,1.429334379318e-01,-3.704429942291e-01,6.110539089505e-01,-6.121734825973e-01,-2.856787047442e-02,1.044813671049e+00,-1.061506661163e-01,1.549775869030e+00
-2.000565987805e+00,1.498933022738e+00,5.095175718822e-01,-1.895765554715e+00,-6.671984053197e-01,6.084710961600e-02,4.520308684190e-01,-3.961795095110e-02,8.362203332666e-01,4.748198955327e-01
2.697522421582e-01,-3.916550522532e-01,-7.012868910856e-01,5.336202743668e-02,-1.789177396427e+00,1.688442403733e-01,-5.722902449117e-01,4.922738729299e-01,4.805906911223e-01,-1.647478614977e+00
7.414826994836e-01,-1.462264672163e-01,-2.159260570160e+00,-8.642821323531e-01,-1.086254732250e+00,4.332367708425e-01,6.089612747207e-01,9.627086214202e-02,-1.509506121572e+00,1.812218694742e-01
-3.505551987857e-01,8.850852403170e-01,-1.043171462218e-01,-1.192794540420e+00,6.460818986029e-02,2.073911484953e+00,1.404859071422e-01,9.519005279135e-01,4.495822754904e-01,8.614153640351e-01
1.169948314922e+00,-2.317890193581e-01,7.198054455847e-01,-4.289985406711e-01,7.860849284451e-01,-1.680708635646e+00,-7.586922237840e-01,7.497669455401e-01,-1.140845760385e+00,-3.302241724979e-01
3.718881537124e-01,-7.539998232491e-01,-4.578703881336e-01,1.337874658829e+00,-1.212677629382e+00,1.141687637781e+00,6.063938260394e-01,-4.746852436991e-01,-3.620862738961e-01,4.468389200564e-01
-3.104222639343e-01,-3.577436399345e-01,1.194623262394e+00,7.126022762944e-01,1.758795760946e+00,9.624663789347e-01,-1.201728072896e+00,-8.001723770796e-01,7.658420134470e-02,1.001757108325e+00
-9.978673969268e-01,-4.557650817191e-01,-3.751948118353e-02,-7.847478918170e-01,-1.165642194575e-01,6.755583185156e-01,1.214559135732e+00,2.521619369703e-01,-1.380561940826e+00,-3.093119623181e-02
1.381825208196e+00,1.661700934993e+00,1.435818943678e+00,-1.835177193806e-01,-1.497181497802e+00,9.551371416158e-01,-5.896562829427e-01,-3.167795715057e-01,1.305948700477e-01,5.592465193122e-01
9.755052527600e-01,-1.010247759464e+00,1.389702441066e+00,2.897712774323e-01,5.704619560133e-01,1.295050947026e-01,8.782058461837e-01,-4.629004602582e-01,-9.355275156070e-01,8.806703982818e-01
1.538627345180e+00,4.986084358394e-01,8.410431630631e-01,-6.118092664190e-01,1.282122305558e+00,2.160437039807e-01,-3.692664655978e-01,-5.028042323869e-01,5.610235140164e-01,1.043113759213e+00
-5.741766099174e-01,6.126560059075e-01,4.189703796381e-01,1.369401825140e-02,2.270832244201e+00,4.269793181419e-01,2.484774669629e-01,-1.017090245918e-01,-7.333225269616e-01,-4.301016875488e-01
-1.543588075341e+00,1.462252535995e+00,-1.871741156740e+00,-1.198023546416e+00,-1.770052142925e-01,1.465552986371e-01,7.522273641933e-01,-7.378834490279e-01,-8.142800838533e-02,4.800023852757e-01
-3.178905360340e-01,-1.304885073158e+00,-1.043379783932e+00,2.206094735399e-01,6.969593653948e-01,-2.058100346076e-01,-1.685157132851e+00,-4.587500711498e-01,-4.591995022936e-01,1.962596326137e-02
-2.942008164336e-01,-9.683341149503e-02,5.859797427971e-01,2.520577037538e+00,8.348641571371e-01,-6.594527013975e-01,1.330547881032e+00,6.240701711018e-01,1.511987407905e+00,-8.371885184798e-01
1.180590414143e-01,-6.880633782620e-01,6.407264535540e-01,9.652090351912e-02,4.283455726064e-01,1.332397257634e+00,-8.217281792970e-01,3.472736358108e-01,-1.832904507987e-01,-1.358999664288e-01
-1.089043407228e+00,-1.042072403349e+00,2.722921998787e-01,8.276677464389e-01,-4.589476514795e-01,5.973434130871e-01,8.859547770229e-01,1.040270964231e+00,-3.582982672175e-02,6.514556025772e-02
-3.569045270384e-01,3.177237563206e-01,5.778832530583e-01,-3.363555445441e-01,-1.113054946092e-01,-1.117429284826e+00,-2.711824852170e-01,-1.610770884080e+00,-7.128268110790e-01,1.060394171410e+00
3.285512905544e-02,2.118297046925e-01,-6.889787735578e-01,-7.870207578927e-01,-1.280692867826e-01,3.858183108061e-01,-4.814483429441e-01,-3.549026338631e-01,2.800788421008e-01,1.765007354174e-01
-6.093247006802e-01,1.397886353411e+00,6.848901928837e-01,2.333752645188e+00,8.462703807267e-01,2.413475697379e-01,-1.112398863684e+00,4.395463673962e-02,-2.317619523097e-01,-4.729398824911e-01
-1.486421447441e+00,-2.201047276347e-01,6.637918531162e-01,-3.845779774997e-01,9.390826418654e-01,6.248727743586e-01,-1.224597716974e+00,-5.143265985841e-01,1.001595324385e+00,-6.763318864695e-02
-1.299610107289e+00,-1.002012002845e+00,4.337970298819e-01,1.186980256000e+00,-3.999229967184e-01,9.913769717412e-02,1.575425861916e-01,-3.702080040421e-01,4.674591209341e-02,-3.178981834913e-01
1.420081983875e+00,9.625039224579e-02,1.741198279632e+00,1.516233702637e-01,5.715275030196e-01,4.731599017462e-01,-4.688483958490e-01,-1.105470194984e+00,6.030967252093e-03,-9.878387775177e-02
-6.183222564513e-01,7.990334324112e-01,-1.150816691650e+00,-7.187907216021e-01,-4.855624096384e-01,-1.627361987381e-01,7.795733560237e-01,-7.261322301781e-01,7.349540406794e-01,-6.564979816608e-02
-1.788364278727e-02,9.108315801077e-01,5.060224114800e-01,-1.811659679211e+00,6.058894861232e-01,5.726104355550e-01,-9.588609989063e-02,5.167710215947e-01,1.103482879310e+00,2.762057792344e-01
-9.290768068880e-02,-1.336996446060e+00,-9.874079926097e-01,5.312565864327e-01,-2.702009082771e-01,-1.075684590492e+00,8.548209969110e-01,-1.295524281569e+00,-9.038259036770e-01,4.639667789804e-01
-1.327506308190e+00,8.918552807655e-02,-1.477056498463e-01,-1.097185532584e-02,-4.827255354285e-01,-2.680927185010e-02,2.008968633872e-01,-5.826255297989e-01,-1.152700769514e+00,4.522063392565e-01
-1.467310138457e+00,2.046358837821e-01,4.156356556398e-01,1.169129448242e-01,2.022333299557e+00,-1.181083616671e+00,2.214766351084e-01,5.757763726831e-01,2.770499523000e-01,-6.594457442500e-02
-1.502535931059e+00,-1.250097206744e+00,1.853856265154e+00,1.411617475328e+00,-9.622645829651e-01,9.936265005430e-01,-9.602275207573e-02,-7.991119179907e-01,-9.509822923674e-01,9.848974165927e-01
3.634534861826e-01,7.776475397117e-01,-9.254162138606e-01,-2.450236665588e-01,-7.039253569614e-01,-8.279206935332e-01,1.165183244351e+00,3.992788735758e-01,-9.784297939222e-01,-3.947900405157e-01
-4.291837661080e-01,3.555499205669e-01,-4.724083416498e-01,-1.149083447881e-01,-6.489564705981e-01,-7.606589054926e-01,4.273785547545e-01,-3.011714716630e-02,-3.482853678732e-01,7.357241829424e-01
5.521458668275e-01,8.650953352612e-01,2.816658820640e-02,2.670445199601e-02,-2.521852757029e+00,-6.399653811584e-01,2.461439065816e-01,1.217684573401e+00,-6.907907601355e-01,-1.238997170187e-01
-3.054615796013e-01,-6.313491888458e-01,-8.610659164962e-01,-5.386569590972e-01,-1.878374284643e+00,-7.451560951223e-01,-5.946339077335e-01,2.282377895651e-01,-1.481186539291e+00,3.045393650759e-01
3.342155720241e-01,-8.211805547782e-01,7.376957707553e-02,-9.844046612101e-01,4.880484883492e-01,-9.303135368264e-01,-8.498916740398e-01,-1.110308289723e+00,4.631472110892e-01,-3.062544016512e-01
-9.568861023570e-01,1.666715426789e+00,1.111091700563e+00,-3.915823558887e-01,1.969611039839e-01,1.661501400053e-01,-6.198968255496e-01,8.830552871392e-02,-4.023810619848e-02,-1.102062635230e+00
9.205452607380e-01,-1.688599068012e-01,2.738182416957e-01,3.461985850915e-01,5.773029279330e-01,-1.153172920475e+00,9.054599368439e-02,6.196042843663e-01,-8.584748372624e-01,-8.783095917657e-01
-1.460865034762e+00,-9.313217928343e-01,-4.706020673946e-01,-2.610598874424e-01,4.740770230405e-01,2.083036609729e+00,2.756657206212e-01,-2.692104419822e-01,4.695680630980e-01,9.691233539323e-01
1.657518891296e-01,4.144471625815e-01,1.663050891579e+00,3.446214503159e+00,-9.060993477812e-01,1.622642128656e-01,-5.343245960838e-01,-1.376271952812e-01,-5.627768786182e-01,-1.539284493180e-01
9.183887451443e-01,3.861287435254e-02,2.473577832622e-01,-1.143264380473e+00,8.806994135434e-01,1.482292842054e+00,6.283734665406e-01,9.787060476225e-01,-5.040137878673e-02,4.350572794629e-01
-6.658742713213e-01,8.859583832323e-01,1.171976081776e+00,4.008333120550e-01,1.519097967151e+00,-4.832613256683e-01,-8.666895793492e-01,1.355821169431e-01,1.053027031376e+00,-1.407975892027e+00
-7.739680583210e-01,-4.676109503149e-01,-1.825058674037e-01,-1.434270697114e-01,-4.310200375807e-01,6.418215908796e-01,-8.268920263752e-01,-5.439981143795e-02,-1.485135162842e+00,-9.283420274314e-01
9.421376581572e-01,-1.356682581628e-01,2.792752356881e-01,-9.870165255497e-01,-1.786098893471e+00,6.707905533552e-01,2.994112233616e-01,1.151359578494e+00,-1.300470474755e+00,-1.036935231881e+00
1.197907746990e+00,-9.655864600321e-01,3.374393464404e-01,-2.204874971405e-01,-5.395590868231e-01,7.627202716431e-02,6.002332897050e-01,-3.360345013975e-01,1.110169315776e-01,7.199304988509e-01
2.241503449042e+00,-2.013085572633e-02,4.306264516294e-01,9.567113388224e-01,1.512219145091e+00,1.809786817177e+00,5.726540469758e-01,1.307611299053e-01,1.081546003436e-01,7.163604781725e-01
7.325608388642e-01,7.563172392172e-01,9.616036802607e-02,1.486415847675e+00,7.459796806026e-01,-1.537129161526e-01,-1.335623901258e+00,-2.245524207961e-01,3.527687495210e-01,1.048363470731e+00
2.036327900630e+00,-4.562306441126e-01,2.906835413753e-01,7.915970745342e-01,4.445846217477e-01,-5.654271678510e-02,3.787480937416e-01,-2.627124770919e-01,1.478031604365e-01,-4.222471641367e-01
3.645972833376e-01,5.297142310335e-01,9.831878934315e-01,5.066419903047e-01,3.816253335282e-02,1.063009830911e-01,-1.706224059286e-01,6.995834469113e-01,6.244934910935e-01,1.366090620088e-01
4.601335302078e-01,-5.461083961933e-01,1.502090119876e-01,1.695284683729e-01,2.533360340721e-01,5.406956437068e-01,-2.459558114031e-02,1.106818723797e+00,-2.718400858016e-01,3.751221529041e-01
5.639469967724e-01,1.639707772495e+00,-5.123132362096e-01,7.392952141485e-01,2.991194816959e-01,1.174307138249e+00,3.471553694348e-01,1.229318759460e+00,5.067233362905e-01,4.300520740649e-01
4.539212533246e-01,2.120544752662e+00,-1.033793148963e-01,3.755004531290e-01,7.154009341212e-01,-6.168824882775e-01,-6.478160599711e-01,-1.316068556750e+00,-5.256235867879e-01,-5.333070405015e-01
-9.517489705756e-01,6.431397380152e-01,1.180756205995e+00,-9.822088601275e-02,1.036459800686e+00,-5.588786371946e-01,-4.760453295421e-02,-1.858657008132e+00,-2.949590938005e-01,1.238824252612e+00
-8.368963547352e-01,-3.254165285494e-01,4.468748041083e-01,9.825274080831e-01,3.024914677832e-01,3.783415779492e-01,-5.482765780408e-01,1.382951038218e+00,9.462371302608e-01,1.102879629483e+00
8.093703515928e-01,-8.828039738327e-01,1.217884247646e+00,-1.630548109314e+00,2.365794446793e+00,3.358114563013e-01,1.346072639456e+00,-9.074712010699e-02,3.468110646197e-01,-2.872629183865e-02
3.921952016186e-01,1.842964778089e-01,9.875591706780e-01,2.789149613564e-01,9.191935620635e-02,-1.809375386924e+00,1.764327238965e-01,-8.908231500578e-01,3.518716199394e-01,-2.228110578794e-01
9.580795342393e-01,9.726382672909e-01,-2.133665043507e-01,-8.068899399825e-01,1.418280673127e+00,-8.399904767562e-01,-1.518422351339e+00,3.001426498459e-01,3.725500361676e-01,-5.385391730809e-02
-5.298667699591e-02,-1.246734658080e+00,1.529154356424e+00,1.328412627369e-01,-7.926772496889e-01,9.046553789863e-01,-5.953912355107e-01,-9.929605115138e-01,-2.175293494196e+00,8.999731404998e-01
-1.134136431215e+00,-7.989303465925e-01,8.542325073376e-01,1.349378173124e+00,-5.013716022380e-01,7.616113639762e-01,-7.280672741865e-01,3.740718289551e-01,-5.841216208446e-02,-7.604179386594e-01
2.656282407578e-01,-8.408036822571e-01,2.943604829099e-01,4.702759349522e-01,-1.941543477121e-01,-6.417460693590e-01,-1.116480214075e+00,1.775342107922e-01,2.426310903963e-01,-9.983885823420e-01
-3.327960524250e-01,5.249825983414e-01,-8.336071921238e-01,6.154128621219e-01,1.201415852575e+00,-2.438023097545e-01,2.050787120616e+00,7.519867813574e-02,4.459023207133e-01,5.425035525276e-01
1.097839860724e+00,-5.795364779413e-01,1.109270752834e+00,3.477256168597e-01,-1.591604786657e-01,-3.619650049879e-01,-4.096975452084e-01,7.510147269326e-02,-6.873628417686e-01,-2.438896122751e-01
-2.006279756334e+00,-1.916201649976e-01,1.055303333434e+00,-7.804966494771e-01,2.610571154867e-01,-6.191990091471e-01,1.243902524901e+00,1.245071890528e+00,-2.486508137145e-01,-4.281769846833e-01
1.563030374360e+00,-6.627694217038e-01,-1.246364392709e+00,5.752459716690e-02,4.167411558210e-01,1.076628120069e+00,-8.309870069788e-01,2.235749058984e-02,-7.626612869406e-01,4.230604413912e-01
1.110644707711e+00,-9.479956040311e-01,-1.090301134275e+00,-1.397240328162e-01,-1.753637369618e-01,-2.028978210097e-01,-4.322978626137e-01,9.197590602889e-01,2.616802206324e-01,-3.139551054123e-01
-1.632393119854e-01,7.687453571024e-01,-2.204873709690e-01,-7.108794656240e-01,-4.459515579463e-01,-8.618086489652e-01,1.047485438414e+00,2.064231283727e+00,4.695153648956e-01,6.868034810055e-01
3.285362048413e-01,-4.692480833270e-01,-7.902643766324e-01,3.347475666470e-02,3.991390833240e-01,8.340580572962e-01,-1.436083249995e+00,8.626682883716e-02,-9.959222970911e-01,-3.726968346828e-01
-1.877096660463e-02,4.061068742581e-01,1.669455725930e+00,-3.010205923991e-01,-9.272014171139e-01,-9.004103227183e-01,6.958080187712e-01,-4.385852105716e-01,-3.678674006143e-01,-3.771643983634e-01
2.280723760744e-01,5.781358246772e-01,-1.168288281286e-01,-4.326826462575e-01,-5.239730182449e-01,1.421839974854e+00,5.167706597151e-02,1.399161283910e+00,5.819482592630e-02,-1.026169931821e+00
-3.050037035448e-01,-2.788275664786e-01,5.020156202468e-02,1.428945574226e+00,-5.025132101829e-01,8.769438557958e-01,1.075888709923e+00,-1.951604729211e-01,3.274420712168e-01,-4.100759475296e-01
-1.172769317076e+00,1.463245319585e-01,5.462544345898e-01,1.053830428208e+00,-9.972279513076e-01,-7.734480859370e-01,8.074841324909e-01,7.427795257879e-01,6.472081345791e-01,5.834673367141e-01
3.623910336969e-02,-2.844421155193e-01,-1.480368433332e+00,8.111564334981e-03,7.727886726144e-01,1.446452513204e+00,5.352536022079e-02,1.409134412336e+00,-1.028570582003e+00,-9.177402911633e-01
-2.558553168275e-02,-1.050968203621e+00,-1.817884551763e-01,2.844927732624e-01,-2.654139609970e-02,8.087070521038e-01,1.867433096051e-01,3.949521603885e-01,1.092797774812e+00,5.479628651144e-02
-1.551935034550e+00,3.144618130543e-01,7.645152228500e-01,-9.584194959001e-01,1.936232543184e+00,2.960830793331e-01,-4.999458951147e-01,5.645223099352e-01,-1.041040557438e+00,8.999140524700e-01
9.818337816076e-01,-4.140381630079e-01,-1.483654210412e+00,-2.911313603679e-01,1.304331774049e+00,6.336645277450e-02,3.300574180910e-01,1.436298160895e+00,5.723379314997e-03,-3.938890737889e-01
-3.659968793340e-01,-3.647131202792e-01,2.601735489026e-01,-4.235832175432e-01,5.558185080699e-01,1.044120557219e+00,2.195547358624e-01,-1.271274293966e-01,3.577775384500e-01,-2.858307246039e-01
2.500184970851e-02,2.067959458293e-01,-2.054421257424e-02,-1.073370510157e+00,3.683473557186e-01,2.846320918004e-01,9.561207071792e-02,8.778801596603e-01,-1.033796579979e+00,8.311296115734e-02
-1.455739469734e-01,1.533914734678e+00,-1.939095937433e-01,-9.717110333697e-01,2.280243534996e-01,-1.159699276190e-01,2.840740943652e-01,-9.788858538390e-01,-1.111365235958e+00,4.059584986343e-02
6.895950859648e-01,1.873476655839e+00,2.625282593857e-01,9.650977938703e-01,1.624804672473e-01,1.904590284410e+00,7.341286711883e-01,-3.160536164382e-01,3.689355314417e-01,8.521364778798e-01
8.998482596057e-01,1.086430825366e+00,-1.073368439210e+00,-1.594819688155e-01,1.154174115696e+00,-3.232059913962e-01,-3.617010329645e-01,-9.259434041618e-01,4.333101378391e-01,8.536230200261e-01
4.910006353714e-01,-4.246875218689e-01,-4.837501756020e-01,8.210076897305e-01,5.576694395764e-01,-6.650129513818e-01,3.938106092480e-01,-1.007311200507e+00,-7.686665294400e-01,-4.689606739738e-01
-1.107783835653e+00,9.573093266117e-01,-1.398561306719e+00,-1.760733636101e+00,-4.708079349743e-02,-2.130461115323e+00,-1.523573175481e-01,5.652917003822e-01,-2.205674138997e-01,9.701517438669e-02
-7.654873103689e-01,4.696790032053e-01,1.935594675930e-01,9.810699045048e-01,-8.922947314365e-01,-7.924361394363e-01,-2.874065571037e-01,-4.790746835464e-03,1.300159606630e+00,1.395420385004e-01
1.088091037543e-01,-6.027120454438e-01,-3.759618259469e-01,8.105957023214e-01,3.681411511624e-01,3.324851350787e-01,1.572234056311e+00,-3.139732010381e-01,-3.002411960428e-02,3.083146657362e-01
-7.594363717774e-02,2.318388388772e-01,8.563672353274e-01,2.817730675228e-01,-1.252107904679e+00,-4.151595891924e-01,4.693331406441e-01,1.156630335223e+00,8.841528326293e-02,-5.884895111926e-01
-4.500517025044e-01,-5.490599097014e-01,-3.058122759680e-01,1.272150289291e-01,-8.824322772247e-01,5.595340939754e-02,5.679777874741e-02,7.079203050651e-04,8.010591540669e-01,-7.311414994919e-01
4.175642837548e-01,1.498413748842e+00,-8.476498888549e-02,-1.059478863220e+00,-1.493297836664e+00,2.595065219950e-01,-8.149739646921e-02,1.539882210879e+00,4.979309850418e-01,3.741388522622e-01
-3.040292881185e-01,7.672637040208e-02,4.357592288943e-01,6.917987223086e-01,-2.317800737363e-01,-4.642046812517e-01,-1.132977135899e-01,9.331424028783e-01,-5.873483401099e-01,2.869433978431e-01
4.054381849197e-02,-4.521627617394e-01,1.161692390753e+00,-6.500066858037e-01,1.122337665790e+00,-1.765684073062e+00,1.277333634176e+00,-4.781786798838e-01,-6.517740357466e-01,7.760955062560e-01
-6.131000844939e-01,-3.956104180591e-01,8.991747494981e-01,-1.229838150017e-01,-8.819268544268e-01,-7.796340308888e-01,-2.199724725555e-01,-1.788610434456e+00,1.678527644812e+00,-1.336157504671e+00
1.190270150417e+00,-2.928706194914e-01,-6.544840282298e-01,3.443686242114e-01,6.651136468988e-02,5.021564776417e-01,-1.113515900111e+00,1.842857668526e-01,-1.083391119141e-01,4.928152353221e-01
1.674911449120e+00,-1.173591633787e+00,4.974826864443e-01,-2.247583533295e-01,9.699679080103e-01,5.237679845834e-02,2.201676147746e-01,4.482986732197e-01,1.129034377135e+00,-1.286440590929e+00
-1.030198523940e+00,-1.741143582463e-01,-7.787681255490e-01,-1.265526212456e+00,1.907449055468e+00,3.611604131612e-01,1.148578381892e+00,1.672158764750e-02,-6.658278222061e-01,-6.146899794895e-01
3.768205757100e-01,-2.329850500386e-01,8.624415220743e-01,-1.660383576265e-01,2.740449641952e-01,-8.610848718216e-01,7.066600919282e-01,5.206520597140e-02,7.538250444231e-01,-1.577512464075e-01
-7.423177665339e-01,-1.395397372847e+00,-8.427870640597e-01,-1.000734168860e+00,1.229628915850e+00,-7.039010039630e-01,-2.583279143985e-01,1.353281991520e+00,-1.372176029910e-02,-2.862051984607e-02
1.900611388757e-01,-6.777007219050e-01,-2.954114055349e-01,2.508357474495e-01,1.794140580280e+00,4.505391302136e-01,6.501416609058e-01,-4.693534963858e-01,1.388319459922e-01,-6.379055912104e-01
6.663287609840e-01,9.544731671344e-01,3.263273100233e-01,-3.067627279268e-01,1.580491169029e+00,9.952514988742e-01,-3.215215147595e-01,-6.677944836403e-01,1.304583084391e+00,6.781723920443e-01
1.350509848015e+00,2.229289951094e+00,1.011809103575e+00,1.172927932843e-02,2.434320133587e-01,-2.424177674959e-01,-4.731053250743e-01,-2.384080897066e-01,-3.769567602898e-01,8.962723559059e-01
1.323191864106e-01,2.236117015620e-01,2.108509039906e+00,-1.324080502668e+00,4.018053746787e-02,4.944631790085e-01,4.376559090040e-01,-3.111409122482e-01,-1.454209598868e+00,-6.960083084217e-01
-6.587750614589e-01,-1.823153078238e+00,8.891160338827e-01,2.137209884720e+00,3.076117257798e-01,-2.420245113558e-01,-6.189056237026e-01,1.286989359742e+00,-3.253570767729e-02,-4.218787713403e-01
5.219651619822e-01,1.606460329010e+00,-1.970047566404e+00,8.098414547359e-01,6.651032418915e-01,1.286801286543e+00,-2.771464291577e-01,6.536621522548e-02,1.196396395621e+00,1.223958011965e+00
-2.362227330158e-01,7.227297579510e-01,1.504830626941e+00,-1.669791288868e-01,-7.484935936396e-01,4.700273398205e-01,1.089759893542e+00,-9.077836182291e-01,1.026827084983e+00,5.326025566402e-01
-2.315206666581e+00,-1.343458206602e-01,-4.924860125574e-01,-4.181169620411e-01,-1.184615843587e+00,-1.210803007655e-01,2.151326930955e-01,-2.643954938711e-01,9.578310430888e-01,1.263092898555e+00
-3.739152037833e-01,-4.435939858472e-01,4.963692643508e-01,6.979971845104e-03,8.728200452570e-01,-3.246736234244e-01,-8.244916987392e-01,3.732132523430e-01,5.757502180949e-01,4.711861231237e-01
-6.537753621608e-01,-4.102344329962e-01,1.144048406044e+00,-1.538202609073e+00,-9.460358038005e-01,1.532997095006e-01,-1.082620066599e+00,-3.599628182750e-01,1.757321020724e-01,7.331807609911e-01
2.087062218895e+00,-1.179859212583e+00,1.827992829270e-01,-5.595039493511e-01,-2.043180383292e-01,-9.152671590836e-01,-1.963287767213e-01,-1.003973509553e+00,3.471587754814e-01,7.505676822122e-01
-3.923800692367e-02,-1.582402172188e-01,-4.715627522256e-01,9.770460559618e-01,1.062115267847e+00,-1.428620377944e-01,-1.173012771275e-01,3.149170622351e-01,-1.075385864795e+00,-7.706455581570e-02
1.071468652645e+00,-1.779370577792e+00,1.640858713895e+00,1.241469485059e+00,1.164127907668e-01,-1.076946747758e+00,1.792167571439e-01,-8.181511698914e-01,4.088603924681e-01,2.873097924637e-01
-4.586271048015e-01,-2.729334785367e-01,1.848360790256e+00,2.025323333419e-01,-1.072733821919e+00,-9.636407231820e-01,-4.980039944504e-02,5.951672352750e-01,5.091774628615e-01,1.089736171949e+00
-4.901712080342e-01,2.874683696719e-01,-4.646595730603e-01,-7.002180689340e-01,1.096230345114e+00,7.677936373127e-02,-4.047294669138e-01,7.863078267874e-02,-3.796549653986e-01,6.465135547497e-01
1.059496011766e-01,-1.524630423849e+00,7.430651014949e-02,-1.393639216324e-01,1.163137011806e-01,8.269307242064e-01,1.221414558552e+00,9.123104189754e-01,-2.368735002738e-01,2.887977332341e-01
-2.322999902636e-01,-1.194770116620e+00,8.509939482799e-01,2.535264582682e-01,7.230101550342e-01,4.648790396750e-01,-1.326639042648e-02,-4.271729649595e-01,6.878367010090e-01,-9.578345253985e-02
7.534705813889e-02,2.558285462200e+00,-4.174058022400e-01,8.436343824506e-01,1.365715480248e+00,-4.327548274050e-01,4.998817267898e-01,1.822310260266e+00,-6.156952112454e-01,-1.348389447846e+00
-2.259120595686e-01,-1.477989053609e+00,9.993764306694e-01,1.184640431978e+00,-5.036604028576e-01,1.563635048176e+00,6.066184593436e-01,-1.340813379462e+00,9.692199347206e-01,-8.479388318763e-01
9.750907645673e-01,-1.004854536687e+00,3.146671449959e-01,-4.170859681297e-01,8.109071977781e-01,1.343771530351e+00,6.110662508420e-02,3.706484217828e-01,-2.667370641278e-01,5.980125612845e-01
9.718308766101e-01,1.018709594471e+00,1.061761885896e-01,-3.339589756642e-01,7.087055364876e-01,-9.629774193067e-01,-9.405440288932e-01,-9.615886793272e-01,1.045417289465e+00,2.632476604658e-01
-1.297562333434e+00,-8.043322576813e-01,-9.103798420274e-01,-1.267458962562e-01,-5.453016700046e-01,2.084266763177e+00,-1.516777184391e+00,-8.738303081624e-01,5.478245791431e-01,-7.084768522606e-01
5.545928985308e-01,5.163272218349e-01,2.658736895970e+00,-1.032123441405e+00,6.157005171943e-01,6.860492253510e-01,-1.139957715540e+00,9.511496740211e-01,3.829026872407e-01,2.226632134525e-01
-1.334219953665e+00,7.965205368895e-01,-1.097752213910e+00,-1.256204293448e+00,-3.667469119024e-01,1.112483817832e+00,-8.958347242368e-01,-3.499577930826e-01,-8.062501006327e-01,-6.106898431516e-01
2.649474630179e-01,8.012806433095e-01,1.600331462950e+00,-2.189197512370e+00,6.210976366955e-01,9.283977926460e-01,-2.673706839500e-01,-1.821538705835e-01,-1.019209914606e+00,-1.382532063115e-01
1.986975566308e+00,-3.972521824740e-01,-2.828426355217e-01,-4.730209550628e-01,-9.505313545927e-01,-6.345624648778e-01,8.890169887732e-01,-1.308759580278e+00,-5.487922894808e-01,-9.218885550457e-02
6.248839188321e-01,-3.325983631185e-01,-8.459580664333e-01,-3.667493823156e-01,5.049127227791e-01,-5.386156976219e-02,4.270403289703e-01,-2.554883112424e-01,-6.322023825196e-01,-4.181866046819e-01
2.972112549652e-01,-8.571574744348e-01,3.577088091598e-01,9.723935477097e-01,-7.074382653396e-01,3.440085997893e-01,3.889191189102e-01,6.754473066664e-01,1.260861215898e-01,1.135248221841e+00
1.432236938325e+00,2.770077519381e-01,1.897896967161e+00,8.742845577475e-01,3.255048587077e-01,2.172724447168e-01,-3.625645557430e-01,-5.801310190097e-01,5.804145773023e-01,-5.449298298020e-01
-1.361913355851e-01,-6.815016566406e-01,9.847504574124e-01,7.578033321855e-01,3.937410778517e-01,2.329614601352e-01,5.148852658343e-01,-9.128099986710e-01,1.840088436360e-01,1.289031935823e-01
-1.356821222247e+00,1.037678633240e+00,9.090178365831e-03,-7.237299297345e-01,1.278990911229e-02,-6.277621917329e-01,-1.248186895670e+00,9.239321075461e-01,5.977297242040e-01,8.446918350871e-01
1.789416768702e+00,1.139601756213e+00,1.247952155767e+00,2.777389988714e-01,-2.179947021569e-02,1.063458036372e+00,-1.459786224357e-01,1.004891634535e+00,5.097498618516e-01,-1.098071822073e+00
-1.680209696934e-01,-5.837607035860e-01,1.391472433297e+00,-1.119338607320e+00,7.763818960458e-01,6.602426929024e-01,-8.388826268693e-01,-7.009114557425e-01,7.100017403406e-01,-5.402185715022e-01
3.279778577737e-01,-1.252478721327e+00,2.049999732365e-01,-5.493702085003e-01,-5.958600411813e-01,3.863141937522e-01,1.278404594946e+00,3.187363115038e-01,-4.164135438710e-01,-1.276750445565e+00
6.376511082575e-01,-3.879885911764e-01,3.037907457637e-01,5.177476620093e-01,1.046338375972e+00,1.237277123676e+00,4.920125872352e-01,-9.920109500071e-02,1.899249428375e-01,-4.158832006999e-01
2.701248109039e-01,1.424899247224e+00,-2.010679500556e-01,1.061685297932e+00,7.336308930228e-01,-3.338409199391e-01,-3.203979869849e-01,1.997853712191e-01,-8.937697145645e-01,1.445406091593e+00
6.745461726741e-01,-7.017274419007e-01,-7.263061447571e-01,1.268356475411e+00,2.269878802224e-01,2.397621768481e-01,-1.224677777445e-01,-7.472089930499e-01,1.261883139999e-01,1.214488714940e+00
-1.856673683685e+00,1.141339455335e+00,1.231644357481e+00,-4.586022877115e-01,8.228758579137e-01,1.068817992976e+00,1.638478247668e+00,8.387739061805e-01,-9.499154710773e-01,2.082472075785e-01
8.783634921294e-01,1.033795178956e+00,-1.113538045596e+00,-7.151282617728e-01,-1.953605778361e-01,-8.816692842354e-01,1.307733016405e-01,7.324968649172e-01,-1.765027987593e+00,1.175813440742e+00
-4.467611349211e-01,7.011207585709e-01,1.625419068520e+00,-1.151491126450e+00,-1.650886778485e+00,-6.110672588221e-01,-1.670740557793e-01,-4.057398344843e-01,3.263392822760e-03,-8.995177890590e-01
-1.174580714215e+00,-7.240824408871e-01,1.486214672366e+00,8.602972153476e-01,-1.069968421870e+00,-1.247513369573e+00,8.002335355825e-01,7.035750943435e-01,-1.054292928783e+00,6.905102357462e-01
5.133734097544e-01,9.161452278934e-01,-2.585495416131e-01,7.117826899030e-01,-7.312254612020e-01,6.380964245031e-01,-1.058127599464e+00,-1.214189575421e-01,-1.601912583798e-01,-8.438298936363e-02
4.839521879278e-01,5.017247332292e-01,3.813140473030e-02,1.430263677090e+00,-6.742130980218e-01,-4.476856965631e-01,-3.995428139487e-01,-3.314771692828e-01,-7.278787153981e-01,-1.183895169026e+00
-2.071021673077e-01,1.254006218453e+00,2.767192232069e-01,9.888339528143e-01,-3.485096765127e-01,5.115732808646e-01,8.897489423132e-02,-3.390071435397e-01,8.926978314337e-01,2.735445427670e-01
-7.826377823950e-02,1.585911938762e+00,9.632581634010e-01,4.022099398461e-01,-7.100959583982e-01,9.882814442498e-01,-8.255234781860e-01,1.250023485482e+00,-2.517638813807e-01,-4.219395104561e-01
-6.752631082736e-01,3.239817275305e-01,-7.314853029324e-01,4.533639979572e-01,-7.300258095858e-02,2.156656871867e-01,-2.502408272469e-01,5.826575038422e-01,1.141028226359e+00,-4.193995548597e-01
3.632397698402e-01,-6.010141939828e-01,-4.862837695811e-01,-2.702058047152e-01,-1.598197006104e-01,9.447149405190e-02,-1.118388157783e-01,1.276423799428e-01,-4.812790282074e-01,-1.617032740313e-01
-4.316460801586e-01,1.730978977478e+00,-8.046647771550e-02,-1.087295941095e+00,-4.359387208229e-01,-1.775396012667e-01,1.459186330869e-01,1.069494619061e+00,4.400955240557e-01,3.805775486911e-01
-8.154981675497e-01,-1.529988617771e+00,-7.862036884286e-01,-2.812510483165e-01,-2.749844224100e-01,1.390202258125e+00,3.206507268423e-01,1.264133615811e+00,-3.120099736738e-02,2.584601303133e-01
9.806736855438e-01,6.822231655305e-01,-1.057441547705e+00,-1.943933257081e-01,-2.365943671170e-01,7.298823114135e-01,1.491053529972e+00,-4.333351474168e-01,1.568891994663e-01,3.436545793554e-01
-1.314426686330e+00,1.266135102267e+00,-2.243037023475e-01,-5.363754721962e-01,-2.169134109337e-01,6.063284052808e-01,3.449197190429e-01,-9.744874110945e-01,-3.893714942947e-01,-4.404564799477e-01
7.365344260152e-01,-1.528860039633e+00,-9.200401980053e-01,-2.026137297736e-01,1.477401801034e+00,-1.231182368787e+00,1.270421158229e-01,-3.264584856082e-01,3.520630163074e-01,-1.034929741531e+00
-3.702561846024e-01,3.869042981541e-01,-1.993060759422e+00,-1.525759636530e+00,-4.164343806614e-01,4.448372186760e-01,-8.571336233224e-02,-3.471848436619e-01,-9.697591369657e-01,-5.613427294258e-01
8.884632203113e-01,-7.719193425815e-01,-1.162276093472e+00,-3.740091697750e-01,7.060320670489e-01,-2.095213484476e-01,-2.912699800343e-01,1.504024251346e+00,-1.282074592734e+00,9.728431881143e-01
7.856800257642e-01,-8.018279040180e-01,4.080690491992e-04,-4.476510125145e-01,4.536610735340e-01,1.154313664855e+00,6.856666894133e-02,-6.338714078398e-01,-9.031580846121e-01,5.124623565590e-01
1.795249784728e+00,-1.109151267604e+00,6.684703519112e-01,5.911301031130e-01,5.091084956266e-01,-3.698201573728e-01,-1.140072892807e-01,1.002255388155e+00,1.267348970298e+00,-7.254940528094e-01
-1.962727302475e-01,8.988058775334e-02,-7.910387961599e-02,-6.720035117299e-01,1.684147244414e-01,7.312057457265e-01,-1.260119040329e+00,6.768890456506e-01,-1.848414508865e+00,-1.285631188475e-01
1.060542503196e+00,4.568660669985e-01,-5.155804725809e-01,-2.927149389698e-01,4.161194264287e-03,7.267650633733e-01,2.070193132295e-01,-5.077500458778e-01,2.860328538330e-01,-6.887546001042e-01
3.031509970254e-01,3.865062792630e-01,9.669622380614e-01,9.874209117724e-01,4.312799187401e-01,3.333241482143e-01,2.583801742328e-01,1.274773560560e+00,1.094557782473e+00,5.551573919455e-01
2.572849154594e-01,1.038696483932e+00,1.920092445916e+00,-1.373279706102e+00,7.577305232990e-01,1.072746215646e+00,-1.214757285324e+00,-1.801025846303e-01,-5.860860028271e-01,4.206901444411e-01
-2.208564070222e+00,2.011402268911e-01,6.024055997314e-01,-6.422320534775e-01,5.194212110755e-01,5.396188513067e-01,1.455098276882e+00,-1.552617440865e+00,5.130110968386e-01,2.561587047143e+00
-5.649368214001e-02,7.392139508628e-01,5.136651070989e-01,-1.781195185837e-01,-4.141732697933e-01,-8.874262981031e-01,-1.058297369750e+00,-2.544569045982e-01,4.445252930581e-01,3.027870098291e-01
4.597816154669e-02,-1.069237602557e+00,5.268097837173e-01,-9.259349626549e-01,-1.019922365016e+00,2.497351850882e-01,-6.237632527559e-02,4.390683970082e-01,-3.514263831659e-01,4.783171093990e-01
4.644767977779e-02,-1.015553202962e+00,-2.105560940562e-01,1.274715564594e-01,1.199890644985e+00,-3.047366018380e-01,3.132355160135e-01,5.368884457629e-01,3.985775759829e-01,-9.844653256523e-01
-2.678170701859e-01,-7.167180893978e-01,-1.220322297701e-01,4.082816409087e-01,-1.308605768150e-01,6.589060677529e-02,8.312281527098e-01,6.488395754281e-01,-4.963932922270e-01,-1.671685733761e-01
-5.565622080479e-01,-4.898165762571e-01,1.264221738269e+00,9.731478744853e-02,1.174830458841e+00,6.610371814786e-01,5.082190874887e-01,1.465691770933e-01,-1.484120940217e-01,1.017230869296e-01
-3.293600852645e-02,2.179176154727e+00,-1.350366067352e+00,4.444586057634e-01,-1.035343015460e-01,-3.235786832068e-01,1.267602597032e+00,-1.117523545043e+00,1.023648427830e-01,-3.743526238655e-01
-8.556652661615e-01,2.480185452917e-01,5.054181172690e-01,9.244696470034e-01,-9.752597009665e-01,5.847586927762e-01,6.526783508550e-01,-8.369384098361e-01,-2.777050905204e-01,-3.125245326846e-01
1.585348726571e-01,3.516667684278e-01,-2.166621001077e-01,3.493735973170e-01,2.246172887217e+00,-1.138821191428e-01,-1.289439009293e+00,-1.625676706866e+00,7.662339675665e-02,-3.476926015281e-01
1.213410952430e+00,3.601428954027e-01,2.340775005119e-01,-8.110033900557e-01,7.939504252882e-01,-8.249828711408e-02,-3.948623170953e-01,-2.061487240655e-01,-6.799727411490e-01,4.746538270763e-01
2.048945392092e+00,1.629836776372e+00,6.529964225104e-01,-2.821720720789e-01,-9.428579084183e-01,6.022515021672e-01,-1.640655585272e-02,-2.131660949379e+00,2.575121465731e-02,6.714400990651e-01
-6.797457279915e-01,1.435134938752e+00,2.280004970997e-01,5.809187120595e-01,-1.005723680441e+00,1.044120266707e-01,-1.142309352576e+00,1.370803797318e-01,5.719785668187e-01,8.758798997455e-01
-2.087028126889e+00,-3.512051935756e-01,5.269443859418e-02,-5.539702558656e-01,-1.427535000582e+00,5.242607645861e-01,5.514768890661e-01,6.548504846731e-02,9.998780453047e-01,-7.736541750860e-02
-6.161300318218e-01,-3.929407112771e-01,-1.305283685991e+00,2.319868684228e-01,1.191978506596e+00,-1.250032512453e+00,-5.591258056845e-01,9.689639551951e-01,-4.318688570599e-01,4.969948989550e-01
1.304735860114e+00,1.365697633832e-01,-1.475100023860e+00,-1.318149910212e-01,1.507090301127e+00,-9.952910375511e-01,-7.279608467841e-01,2.890408643030e-01,1.199476835571e+00,-2.041687974453e-01
4.457110383716e-01,1.212311147540e+00,4.297139244665e-01,9.430700637129e-01,-1.550636770449e+00,2.067198899540e-01,-3.822981399181e-01,1.164450013417e+00,8.093121893745e-01,8.439736820110e-01
2.358157820770e+00,-1.267216926207e+00,-1.633901066681e+00,2.703137713430e-01,5.201868239429e-02,-6.035834992993e-01,-4.209246555900e-02,-1.128009980632e+00,-7.177622170536e-02,6.771065540456e-01
-9.855001056792e-01,1.060707079269e+00,-4.615091855123e-01,-2.735071906847e-01,1.378704095594e+00,-4.563686980111e-01,5.090607071858e-02,-2.548413631476e-01,2.704406886472e-01,-6.023338831030e-01
1.561321064630e-01,6.022396043961e-01,4.857435218103e-01,-1.310824950979e+00,1.999244595728e+00,-4.467922947409e-01,-8.507088265552e-01,1.035516247378e+00,-1.178135419842e-01,3.750818084767e-02
-1.974143892122e-01,-9.388034695170e-02,8.483607377466e-01,-5.904132561411e-01,-1.009544257991e+00,3.689619586309e-01,-6.535196114335e-01,4.689071087811e-02,-4.910618862500e-01,-3.773585734887e-01
1.993461641788e+00,-3.609192788643e-02,2.275562686657e+00,3.339345341676e-01,-3.576641190843e-01,-1.162306264984e+00,-3.323505219921e-02,7.930724424356e-01,4.951463386276e-01,-3.364363843375e-01
-1.812751189915e-01,6.392117779465e-02,1.794079595291e+00,-6.174707364479e-01,-6.440810707878e-01,-2.137182496405e-01,-5.396453420326e-01,4.362480220480e-01,5.347298707748e-01,9.417320817367e-01
-4.780597904261e-01,-4.804086841652e-01,4.214758611863e-02,-1.417890351504e+00,1.659793532138e-01,4.564986988083e-01,2.583013855893e-01,-2.827263795494e-01,-1.637229766056e+00,-5.477089451334e-01
-6.997625955880e-02,-1.076934834466e+00,-2.213282976589e-01,3.265821888477e-01,-1.238528360412e-01,1.092579547793e+00,-5.940237346519e-01,2.510905663772e-01,3.828600712973e-01,4.358590780264e-01
-1.807499290219e+00,-3.497025148317e-01,-2.770575944613e-01,-9.552911181080e-01,-1.198525285391e+00,-3.835216813754e-01,-1.621854977976e-01,-5.905754996444e-01,-1.024494024999e+00,-1.559485447129e-01
1.131139030370e+00,2.180522382693e+00,8.318480396819e-01,-1.895886693434e+00,-1.307124492234e+00,-4.908765538451e-02,-4.028101239876e-01,-1.346844430866e+00,8.376557429616e-01,-2.378499989485e-01
1.028031913496e+00,5.711307028901e-01,-4.048049863742e-01,1.115905289608e-02,-1.464391329409e+00,-1.704818016774e+00,8.404234176990e-01,-1.655304099793e-01,3.503761363140e-01,4.960563616318e-01
1.496225952326e+00,4.872596927628e-01,7.109323719807e-01,7.265433965136e-01,-1.283369434447e+00,8.678404464076e-04,-2.002189931093e+00,3.454174549426e-01,-1.012532121939e+00,-1.385254274812e-01
-8.182250364319e-01,2.333463899592e-01,-1.895890850054e-01,3.656184000820e-01,7.587991064265e-01,1.849461864631e-01,-8.285641957778e-01,-2.353321563503e-01,8.103444536087e-01,-4.741979701487e-01
-1.135020028301e+00,-8.582480122402e-01,2.351617405090e-01,1.025770634125e+00,-7.680744957019e-01,3.605230606623e-01,2.013547628021e-01,-7.483535856949e-01,2.564319920375e-01,-7.909194867926e-01
-6.748016528595e-01,6.130524416098e-01,1.865023021760e-01,2.075568369490e+00,7.424474693877e-02,1.313202666289e+00,2.337705604737e-01,3.933771275935e-01,2.401962733396e-01,4.663964096899e-01
-1.004458523370e+00,9.934008899657e-01,7.906941053303e-01,-2.744620429044e-01,-1.342657494314e+00,-5.980368724605e-01,-6.216417960199e-01,-2.612698164712e-01,9.073301907409e-02,3.533069051083e-01
2.663310435040e-01,1.468812268509e-01,-1.347713902538e+00,2.228755628367e-01,-1.082497759643e+00,-4.419462373796e-01,-3.909593072940e-01,-1.176825824227e+00,-1.151823930156e+00,1.251617986985e+00
-4.569621980814e-01,-1.776057071017e-01,1.968245143127e+00,-1.759754956157e+00,-5.028677070009e-01,-7.623014272191e-01,3.328275386738e-01,6.980550304688e-01,1.624893191495e+00,-9.502047764713e-02
-1.259408190816e+00,1.284709109373e+00,-1.490596411433e+00,1.197767299310e-01,5.206472727596e-01,-1.801985198813e-01,-1.675451717828e+00,8.794220002101e-01,-6.326610623652e-01,-4.002481328997e-01
4.264137163928e-01,1.183534122828e+00,-3.683882632757e-01,-3.835745081664e-01,-9.784654334184e-01,2.557582915241e-01,-2.837297042887e-01,7.895776045590e-01,-1.010498922813e+00,8.165402435790e-01
1.301198232051e+00,-8.393117237754e-01,1.622385099589e+00,-9.881995367768e-01,7.931498261965e-01,-7.304479722472e-01,-3.112745858160e-02,1.735206351145e+00,4.555253168219e-01,3.069056032142e-01
-8.912639956510e-01,-7.583022043345e-01,-4.637587355493e-02,9.999064858567e-01,2.619320598909e-01,-1.106411404820e-01,7.246214964727e-01,-8.609683413305e-01,-6.364886270339e-01,-1.577367250341e+00
2.278618785046e-01,-8.005247389189e-01,-7.127253343668e-01,1.419513526180e+00,5.726683399995e-01,-4.320813076731e-01,-1.759269029187e-01,-1.068041313678e+00,-2.580507834854e-01,1.008924766060e-01
-1.267347704594e-01,1.042852904917e+00,7.532473025430e-01,-1.862240869626e-01,1.104034640372e+00,-1.358254781657e+00,5.128834355726e-01,-1.408547252640e+00,2.191293985911e+00,1.028740208604e+00
4.095277553812e-02,-7.804285130525e-01,-7.836049325867e-01,-4.886306503696e-01,-8.259561233798e-02,-1.147587683061e+00,6.064346229110e-01,1.333022973503e+00,1.282252213750e-01,4.975140552038e-02
-2.247268410254e-01,-9.546502690771e-01,1.542412836641e-01,-5.908972029836e-01,-1.335148627571e-01,8.978647713443e-01,7.906529330433e-01,1.291933062995e+00,-1.295848060225e+00,4.088553293213e-01
-1.088597006417e-01,1.623735673380e+00,6.249982974281e-01,3.792559496694e-01,2.807240660582e+00,2.964420689226e-01,3.586425813672e-01,6.121406043082e-01,2.614936813373e-01,5.364515688628e-01
-3.513848525086e-01,-4.297743214939e-01,-2.196159266414e+00,-6.365186026789e-01,2.347878045358e-01,-6.332176715022e-01,-4.216341865252e-01,-8.076489751610e-01,2.004850073930e-01,-8.730325590059e-01
-8.233915011670e-01,-1.097738545746e+00,1.881914285387e+00,-4.623475188966e-01,-3.599538939971e-01,-3.894309580236e-01,-9.596305417134e-01,8.852256144659e-02,4.979100308450e-01,3.783352186871e-01
1.441211602760e+00,1.255118464887e+00,-1.206502018187e+00,8.780433055650e-01,9.571259402093e-01,-1.125846509874e+00,-1.544245240099e-01,-7.442028865147e-01,-8.309517123383e-01,8.916673075058e-01
-1.429614907243e+00,1.300516866790e+00,-8.836739464507e-01,-1.137464704919e+00,-3.048669109530e-01,2.847870207909e-01,-6.330899460867e-01,-2.598723517307e-01,1.141494809400e+00,1.401612810096e+00
-8.011449736187e-01,2.492265903866e-01,1.575060698665e+00,2.597540532417e+00,7.781133769936e-01,8.889370625430e-02,-5.627668780799e-01,-7.109918899165e-01,6.769175574061e-01,1.156851006451e+00
-1.117931951994e+00,4.220007281798e-01,-9.511899156745e-01,9.008090162731e-01,2.060861166819e+00,2.999029883399e-01,-2.811109046457e-02,-3.048638034131e-01,-2.834874681329e-01,-7.816223373162e-01
-1.109226017413e+00,-1.119178661940e+00,1.147765385055e+00,-6.321436458482e-01,-3.546460730686e-01,-3.847474005917e-01,-1.300063884940e+00,2.521999664337e-01,-3.685937100363e-02,-7.007855878132e-01
9.671762155795e-01,3.203202613035e-01,-1.896712078233e-01,-1.106546222583e-02,1.701208081107e+00,6.947240712922e-02,2.021938086459e+00,-9.622878282165e-01,-2.925580659123e-02,-1.129632664332e+00
-2.628025237043e+00,4.660803902223e-01,-8.570741491746e-01,6.683047085873e-01,9.456549100590e-02,-2.787398382752e-01,-8.122363651327e-01,8.006778290008e-01,-2.444006855126e-01,5.269762378579e-01
-1.228149025368e+00,-7.357639947234e-01,-1.010883126043e+00,5.734436106499e-01,-1.571680025985e+00,1.234877054905e+00,1.016681579053e+00,5.535373168483e-01,2.040026125861e-01,-5.981024399704e-01
3.207736570836e-01,3.757028046141e-01,-4.402447260773e-01,5.821923556171e-01,2.566071042739e-01,5.725517875506e-01,-3.826875141681e-01,9.097869841625e-01,-9.749862453420e-01,1.202925548226e-01
1.061187722628e+00,-1.045975644919e+00,-2.336011051729e+00,1.651622331038e+00,7.806576759702e-02,-8.985066544888e-01,1.662876104035e+00,-5.421604871682e-04,5.126654461327e-01,-4.434433719218e-01
-3.357273325096e-01,-4.830923873805e-01,-1.151127590142e+00,-3.763572350892e-01,-4.197400761847e-01,-1.708819151591e+00,-9.491877450736e-01,1.797601363225e-01,-1.326045994937e+00,6.564003545433e-01
1.622513286707e-01,5.819485012119e-01,5.591545015142e-01,-2.142172509562e+00,-1.326880175199e-01,-1.736934808922e+00,-2.617642271425e-01,3.237731727634e-01,3.775089036692e-01,6.523260229588e-01
1.369472451751e+00,8.477791718674e-02,-5.794698627054e-02,1.930489668621e-01,-4.346828773571e-01,-2.050575657419e-01,8.560956665012e-01,-4.448535432038e-02,1.802206969314e-01,-7.285372442505e-01
2.455902687608e-02,-6.572294295513e-01,-5.700882248497e-01,-9.281834488034e-01,-7.432249995569e-01,-1.433108385084e+00,1.193905378726e-01,-2.156274933263e-01,1.345473494999e+00,-3.639408357525e-01
4.713108129338e-01,1.558392154899e+00,-2.703841211924e-01,-1.203103048164e+00,1.056381490456e-01,5.585781034167e-01,1.151374568218e+00,-7.554766396501e-02,4.878769498171e-01,-9.206688789673e-02
8.160991230189e-01,-9.260969379464e-01,1.475771962078e-01,3.905925052525e-03,2.859595661203e-01,-3.862437141424e-01,5.073927125896e-02,-1.668350456105e-01,-5.586876131977e-01,-2.986485005492e-01
-6.633243558338e-01,1.291443198979e+00,1.182615462068e-01,-6.536177468943e-01,4.239971929033e-01,-2.849735201939e-01,1.367412659696e+00,-2.284708003259e-01,6.468723746743e-01,9.877135734842e-01
1.391768594023e+00,1.746075525436e+00,-8.673653048161e-01,8.759663308589e-01,8.715435000219e-01,-9.559420620098e-01,-8.427109370030e-01,8.710275282404e-01,-4.138249299511e-01,2.235521973668e-01
-1.558341902772e-01,2.712464422716e-01,3.844637802444e-01,2.614522120137e-01,-6.518835255123e-01,-1.137486150959e+00,-6.289372506144e-02,-6.459074855435e-01,1.136967329806e-01,-8.235061966320e-02
7.167625574558e-01,2.516792706022e+00,2.333571015746e+00,-1.781261709007e+00,-2.444036141443e+00,-1.325184066092e-01,2.462596927968e-01,3.750143635807e-01,-1.469495129911e-01,-9.137772073456e-01
6.664703625210e-01,-8.360641978578e-01,-7.062231343584e-01,5.083654513858e-01,-3.775261999957e-01,2.299667775220e-01,8.623047996253e-01,-2.483358704282e-01,-1.096878566349e-02,-1.404935761913e+00
1.422693529624e+00,4.885202945882e-01,1.877117657284e+00,6.707257350937e-01,-4.387020299771e-01,1.475002566197e-02,1.484328122088e-01,-1.152684802713e+00,7.643369039676e-01,2.172416219323e-01
4.012664800099e-01,-7.779688441292e-01,1.554045411833e+00,-5.732336537471e-01,1.403025016507e+00,6.329132492768e-01,1.582863600621e+00,-1.293194930589e+00,-5.594157868027e-01,-1.416940812166e+00
-1.237447540892e+00,2.613814262664e-01,5.090794972601e-01,-2.342629302610e-01,-9.311643004992e-01,3.581188980732e-01,-8.814927841149e-01,-8.785986375239e-01,1.916239420752e+00,7.203238284025e-02
1.026310621905e+00,-1.510194745942e-01,1.029265133483e-01,5.681198487944e-01,5.786196885560e-01,-8.829814762651e-01,-1.444218442523e-01,-2.238586612731e-01,7.555657359432e-01,3.294899585573e-01
3.180689793764e-01,-7.801902352082e-01,7.230253979333e-01,1.628565983954e-01,1.310881586197e+00,9.659809956348e-01,-1.983327723858e-01,7.473391658077e-01,8.904542082064e-01,-7.897690530039e-01
1.476219175800e+00,-2.184241869758e-02,6.751361708296e-01,4.108160872539e-01,-1.258431315276e-01,-8.679146657841e-01,4.006579551388e-01,8.892603355663e-03,-9.215388010601e-01,1.764430607390e+00
-1.451714161522e-01,1.428226615530e+00,1.652144396860e-01,-3.754537631411e-01,1.099519226591e+00,8.468079641099e-01,-2.812643278882e-01,1.983823692426e-01,-3.396239594232e-01,-6.118573140430e-01
3.780703136971e-01,-3.165198078813e-01,-3.843761981763e-01,-7.898513396437e-01,9.578434782442e-02,9.696666504784e-01,3.336009998444e-01,7.104077452688e-01,9.929173937899e-02,1.018300936673e+00
-2.157240811039e+00,2.061117823276e+00,1.590905112253e-01,-2.933858418947e-01,-1.044204151385e+00,-2.213703555343e-01,6.067647336617e-01,1.057123121238e+00,-6.100336185309e-01,-3.084998204198e-01
8.142689565154e-01,-4.714618733020e-01,-4.426662409698e-01,-1.781797016341e-01,5.466456571549e-01,-1.633240916323e+00,-5.741388764719e-01,4.322314163260e-01,6.689133486412e-01,-4.619385927682e-01
-4.493794741073e-02,4.747332302467e-01,1.673830450664e+00,-3.477312684851e-01,-6.213182390511e-01,-3.579091244674e-01,7.862666935770e-01,4.774724636243e-01,1.584685414502e+00,-9.657207343138e-01
2.620718897227e-01,-3.296968413364e-01,-3.616136416955e-01,2.884459656149e-01,4.517976514396e-01,4.342268476441e-01,-8.293759883124e-01,-4.375945741027e-01,-7.246101583181e-01,1.919371605938e-01
2.974788383541e+00,-2.174180480831e-02,6.339611201260e-01,-1.228653304660e+00,-3.210429415425e-01,1.302058721434e+00,-4.540339017234e-01,-1.152954181200e+00,1.331303602633e+00,8.544566121406e-02
1.018275623996e+00,-1.206561392340e+00,7.670387613596e-01,-1.379256225499e+00,-3.490688618249e-01,5.105235372253e-01,1.344737920815e+00,-2.706625053250e-01,-4.647678040904e-01,6.500826135010e-01
-2.255824830867e+00,-3.033113589843e-02,1.511526851645e+00,-5.510489997395e-01,9.078561930129e-01,6.699182185262e-01,-3.829337397041e-01,-5.418094575133e-01,9.927622894441e-01,-1.460725601762e-01
3.253803555777e-01,-7.957191522827e-01,2.960949617886e-01,2.537991428099e+00,2.080916554101e-01,1.622234142168e-01,7.923748831766e-01,6.135476136893e-02,3.835349722923e-01,-4.078030256828e-01
1.823952264297e-01,7.011090361234e-01,3.576982279305e-02,9.465252276768e-01,-6.063934612215e-01,5.118384177832e-01,4.708848922687e-02,-3.041380819748e-01,1.782676569137e+00,-6.029349479476e-03
-1.052570619943e+00,1.761778364749e+00,-1.937000063891e+00,9.289677872151e-01,5.787154639908e-01,-1.724098504597e-01,-9.897791200462e-01,9.697100869421e-01,4.815157021293e-01,6.527310116244e-01
4.923651918099e-01,1.044120972398e-01,1.495553286109e+00,-8.275816891617e-01,-9.015522648091e-01,2.223999807849e-01,1.343599843152e-01,1.100787892622e+00,1.036141279786e+00,5.236191519652e-01
3.468686532584e-01,-1.797628900828e-01,2.315279234872e-01,6.184183612147e-01,-2.076805768724e-01,-5.473813365906e-01,-9.878320973006e-01,-6.119771554603e-02,2.414454441706e-01,3.624548266419e-01
-1.861941393831e+00,1.655653400043e-01,-1.373070403403e-01,-1.289713948594e+00,-1.095976449639e+00,-4.184234807191e-01,-2.683504376510e-01,3.194495821402e-02,3.605246604769e-01,-5.183699169685e-01
1.032853276838e+00,-6.121582415731e-01,5.865406859687e-01,-2.250451190083e-01,-7.830100072992e-01,-1.091082567411e+00,-3.149729661135e-01,-1.753343126430e-01,-1.127992134577e+00,-1.317869344754e+00
4.686350024329e-01,4.988168524975e-01,2.203422158057e-01,1.424645096739e-01,4.490614156957e-01,2.908243364743e-01,-8.757249743791e-01,6.751865279660e-01,-1.896654577975e-02,-3.072936918623e-01
-2.809750198021e-01,8.014966895160e-01,-5.741493822112e-02,-1.380503147719e+00,-1.164755422018e-01,-7.723795312488e-01,4.804407874657e-01,-6.646747707202e-01,-2.019436702151e-01,-4.743506842783e-01
7.678792316997e-01,5.477500485345e-01,3.123828398338e-01,-8.584908705435e-01,-1.666054854629e-01,-5.837048071284e-01,-5.510955275772e-02,-1.651718631320e-01,-4.454966707197e-01,-3.000616655820e-01
-3.690260995124e-01,-6.554524169504e-01,7.634668088058e-01,-1.175635871113e-01,9.401470629581e-01,-2.440304125828e-01,-4.199777723952e-01,-4.490919025245e-01,-2.029144516682e+00,-7.647588419650e-02
1.581964924740e+00,1.496196940708e-01,-1.112550530548e+00,4.111261086882e-01,-6.934372647088e-01,7.714098170456e-01,-6.871387549369e-01,-5.256695841314e-01,-5.231881537512e-02,-9.016257626506e-01
-1.913925396457e+00,-1.328076846292e-01,4.096299652788e-01,3.758965465117e-01,-1.314569323101e+00,-9.400997759156e-01,2.806223984628e-01,2.435680384316e-01,-1.212683600984e+00,-5.071757151693e-01
-6.328101480995e-01,3.395317159816e-01,8.759896597505e-01,1.211659113552e-01,1.516896407162e-01,1.163861461844e-01,6.011456928743e-01,-8.931396434493e-01,-4.969927142732e-01,-8.277445366076e-02
4.310005707927e-01,7.044720324336e-01,-5.727360725904e-01,3.657506184118e-01,1.713486892078e-01,2.875879340602e-01,4.239373915841e-01,6.978956829260e-02,1.170985388610e-01,-9.503291686330e-01
5.154759974432e-01,-1.010306765568e+00,4.328696366317e-01,-5.885433689197e-01,3.671600725638e-01,-4.407477602529e-01,-1.413711142973e+00,1.264697780282e+00,-9.941871133340e-03,-2.867537666605e-01
-4.661038708635e-01,6.255039393741e-01,-8.726577387881e-01,-7.591769306833e-01,-1.618950372131e+00,-2.519705112562e-01,7.194134354667e-02,-1.721489297134e+00,6.900745209206e-01,8.924281514056e-02
2.375028276323e+00,1.551085875812e-01,9.767795376434e-01,4.308043446996e-01,7.297316989660e-01,3.240572568968e-01,-9.974707654078e-01,1.325046021664e+00,6.771604137477e-01,9.127923713673e-02
1.328331048989e+00,-6.688054346062e-02,-1.246365062516e+00,4.859971105343e-02,1.638345078712e-01,-6.332575314753e-01,-1.202927490460e+00,1.354904245076e+00,1.189849036142e+00,7.524324928880e-01
2.507907432474e-01,-1.401131010933e-01,6.733768241780e-01,3.355838202867e-03,9.770114805230e-01,-8.890291233968e-01,5.717745988856e-01,-3.367537927364e-01,-6.955065594397e-01,8.212137704930e-02
-2.962874441986e-02,-9.016486007479e-01,1.416088826551e+00,4.876272745733e-01,-9.105297990739e-01,3.630879969077e-01,-2.037988812681e-01,9.185171307736e-01,9.374860965756e-01,-3.932184518067e-01
-2.343984121043e+00,1.163300491454e+00,1.192693814016e+00,-1.108951067058e+00,-2.953479191692e-01,4.526323067497e-01,9.472164073535e-01,4.296415377852e-01,4.915175854903e-01,1.057139535592e+00
6.502170995893e-03,5.537936494725e-01,-2.337948090798e-01,-8.505938277600e-01,1.132687581085e+00,1.953535577315e+00,4.010393091169e-01,2.459130078278e-01,-2.399207839695e-01,-4.467374504587e-02
1.542194462687e+00,9.632137248952e-01,-4.399501163917e-01,7.533581731617e-02,-2.398538999153e+00,2.232000542511e-01,2.862943998460e-01,-9.414168434781e-01,2.183859184760e-01,-1.043354296511e-01
-7.530420683560e-01,-1.270510130469e+00,-1.097197747329e+00,-3.094082299373e-01,5.220501984291e-02,4.552194598959e-01,9.388705938710e-01,-1.515962919856e-01,6.777159708082e-01,1.454760291975e-01
-4.869952933125e-01,3.783684157341e-01,1.740382063333e-01,8.555406350633e-01,-5.923920285619e-01,2.585830157645e+00,-1.771506045061e+00,-3.293178852756e-02,9.466339344383e-01,-3.998420613293e-01
-1.658893557066e+00,-7.729317713450e-01,-1.346929696321e+00,9.991489416906e-01,2.855456208562e-02,-1.146166828204e+00,3.651604442276e-01,4.818437141334e-01,-1.494806020134e+00,-7.812963412720e-01
1.752916383692e+00,1.293118520318e+00,-9.895919700286e-01,1.179321875957e+00,-8.338878829231e-01,-5.483491276758e-01,1.055292522618e+00,1.823247208315e-01,-2.917295730376e-02,-1.742523165218e-01
8.728031543280e-01,1.123915028170e+00,-4.070716325807e-01,6.034479333505e-01,6.689092824189e-01,-4.649401460167e-01,-7.707658209845e-01,2.843199667878e-02,1.091227591127e+00,1.242585068667e+00
-6.444148114647e-01,4.878183503692e-01,1.389809198271e+00,-8.415393126905e-01,5.621445123590e-01,-8.360992113224e-01,3.217646892496e-01,-1.416422776572e+00,4.640524402220e-01,-2.565358737568e-01
-6.233080232552e-01,-7.553410336848e-01,1.523539730330e+00,-5.549058472865e-01,2.634491189692e+00,-1.640891660307e+00,-4.307621905391e-01,1.160660940651e+00,1.213955715630e+00,-2.076384837202e-01
4.997151915755e-01,2.342503088920e+00,4.682029579857e-02,6.593005275622e-01,4.591711759510e-01,-1.787736619189e+00,1.251269800963e+00,7.469423989332e-01,-8.293315365507e-01,-6.013435911411e-01
1.701913084297e+00,1.281969617097e+00,-1.776063454720e+00,-9.754438277222e-01,1.394638979772e+00,1.449692694521e-01,8.243651715149e-01,7.949230665054e-01,-6.894736383511e-01,8.302514978560e-01
-5.626464305611e-01,5.746103871049e-02,3.470625692167e-01,-6.883028572700e-01,-9.058126577087e-01,-1.954041254921e+00,-6.410753722724e-02,-1.134196181933e+00,5.014533312966e-01,9.888010474395e-01
2.035502995127e+00,1.134044515527e-01,-5.438002907477e-01,2.092037372561e-01,1.001770103096e+00,-3.997238699361e-02,6.648166661682e-01,1.355851485537e-01,-8.383867340112e-01,-4.447699138729e-01
8.288007884778e-01,-4.238045826751e-01,-3.024302929487e-01,-1.908507835448e+00,-8.513864585812e-01,4.091940266236e-03,1.076460314642e+00,4.966478901717e-02,6.164713344580e-01,-1.201488710420e-01
5.229334122602e-01,-1.246566068791e+00,-5.890083305388e-01,4.788135113246e-01,-6.744667311055e-01,-1.393100784943e+00,2.414360099563e-01,-5.401033405781e-01,-8.303343591346e-01,-1.255538036696e+00
-1.563155630928e+00,-4.603088508531e-01,7.301705696114e-01,6.205504324454e-01,-6.839551737808e-01,1.280691877611e+00,8.597242400909e-02,9.809408400696e-01,-2.906895216569e-01,5.196548816798e-01
-6.567143476984e-01,2.053123186268e+00,-5.223935362883e-01,3.569046608398e-01,-2.317565421969e-01,-8.417692167904e-01,1.417966681272e+00,1.329113103438e+00,4.420751580994e-01,4.726431572137e-01
2.189145168405e-01,7.942924441307e-02,-7.292031544309e-01,6.338316664666e-01,-6.547480798064e-01,1.214920335550e-01,6.349577130007e-01,7.036642808473e-01,-6.476964781116e-02,-4.471790984663e-01
-1.316125669438e+00,-5.629075044236e-02,1.950077813083e+00,-2.058655365808e+00,-6.491572830286e-01,3.649552182942e-01,-1.298459706193e+00,-9.851035914932e-01,7.989536976329e-01,2.440400649652e-01
9.088081507249e-02,-3.828745974733e-01,-1.033422046560e+00,-2.297693756950e-01,2.607298808380e-02,1.963213147303e-01,-5.422266559000e-01,7.234294180517e-01,9.270735144158e-02,-1.803288392955e-02
-2.022625602008e-01,2.209280389539e+00,1.087956454916e+00,-6.425033518198e-01,-9.467750956100e-01,1.253239229286e+00,-3.454335615358e-01,-3.133952253227e-01,-3.281746707555e-01,-1.227006492427e+00
1.180285469971e-02,-7.876019818136e-02,-1.254990820753e-01,5.993046967098e-01,2.154199740668e+00,-6.240369942413e-01,1.254388548021e+00,-1.003685922978e+00,-1.079506182917e+00,6.004877325796e-01
-1.204673912359e+00,-1.735212276192e+00,9.806610756915e-01,-9.768557297433e-01,-1.358841323340e+00,-3.500395460751e-02,5.738297052213e-02,-9.888713707947e-01,1.162509936048e-02,1.718398561014e+00
5.969775551865e-01,1.313579944904e+00,8.209984953854e-01,4.553540193871e-01,1.332422317331e+00,2.597084957570e-01,1.524352211335e+00,-2.126004635183e-01,-1.088633047602e+00,-7.133212667098e-01
-4.424740218311e-02,8.883916255065e-01,-8.625250456961e-01,1.246180543045e+00,-2.395775765789e-01,-2.370406123162e-01,8.905283622435e-01,8.492224721314e-01,-2.212827679670e-01,1.087184002573e+00
-8.611789515061e-01,6.933934417412e-01,2.385286491752e-01,6.470825012250e-01,2.166096372156e-01,-5.863224080245e-01,6.725044599613e-01,-2.510992115602e-01,-1.921272450883e-01,-1.966978612270e-01
-6.900482159476e-01,-2.957352271337e-01,-2.463304633634e+00,-6.614264525058e-01,3.706952118140e-01,-8.293861740254e-01,1.499771348111e+00,-1.904469947097e-01,7.065482868082e-01,1.450835240601e+00
8.926807736273e-01,-6.886818069191e-01,9.611784989529e-01,7.520642823123e-01,-1.125446571212e+00,8.566924745768e-01,3.021526995459e-01,1.769960213587e-01,-1.832059040565e+00,-9.847254811212e-01
2.752308150805e-01,6.365684374673e-01,8.298371597985e-01,-5.097479531517e-02,2.699040456091e-01,-2.456225893612e-01,-2.899138521155e-01,-5.348848898947e-01,1.315840582626e+00,-1.736163638036e-01
-2.364133818233e-01,5.964215234674e-01,1.169328062022e+00,-1.326428311673e-01,-1.942382482990e-01,1.728031419867e-01,-4.841560835859e-01,3.758900106615e-02,1.523430245286e+00,1.381893505629e+00
1.041175903179e+00,4.007724982677e-01,-1.541329342164e-01,-3.814312071355e-01,-8.909502647040e-01,7.461504485679e-01,-5.112328207462e-01,3.739712950946e-01,-3.814641422970e-01,-2.811945220308e-01
-1.081188744175e+00,-3.710701954368e-01,3.602736253206e-01,-1.084780080641e-01,1.037076455069e+00,-7.810297432451e-01,-1.083564801137e+00,1.451316901717e+00,4.517364005146e-01,2.148828713054e-01
-1.370511990710e-01,1.321897680029e-01,1.712484014104e-01,-1.601008073445e+00,1.003604990086e+00,-3.285367835488e-01,4.132128892105e-02,1.528713797702e-01,-6.811955729205e-01,-1.362991323383e+00
1.222296533565e+00,2.946876830050e-01,1.129136465583e+00,8.972860882761e-01,3.267931100892e-01,8.216242038900e-01,3.280370125415e-01,-6.172443402232e-01,4.706099299739e-01,-6.555423997612e-01
-3.942306508047e-01,1.209714766968e+00,2.715983548347e-01,1.672705173250e+00,2.714987942124e-01,1.845397903436e-01,9.782719408523e-01,-4.811463916778e-01,-1.367618095216e+00,-6.916732976010e-01
-1.014390251762e+00,-4.825777722089e-02,6.444199856958e-01,9.041504909462e-01,3.609255661466e-02,-2.525781731864e-01,-1.188327377455e+00,-1.116459059789e+00,2.704376822614e-01,-7.587382945359e-01
8.370838683896e-01,-1.477213675250e-01,-1.238793401033e+00,-1.801397528668e+00,-4.640747199186e-01,-7.555863614538e-02,8.738833266765e-01,-8.434605415594e-01,-7.248106798767e-02,7.799984221291e-01
-9.115597370577e-01,-4.271307749946e-01,-7.657048421032e-01,1.366577574259e-01,-1.095547324207e+00,1.581911429135e-02,4.852113680394e-01,2.766127102394e-01,-1.841911314068e-01,5.687873648047e-01
4.669766863231e-01,1.936720294164e-01,-6.384032350394e-01,2.853699979433e-01,1.481774630138e-01,4.939260695147e-01,-3.047302155713e-01,1.824458396825e-01,-2.855085233190e-01,7.152877820194e-01
-9.464672880846e-01,3.177036142644e-03,-9.423971708869e-02,-5.778991445642e-01,-8.792185967273e-01,8.114777713241e-01,-3.510288273553e-01,-3.905671609148e-01,7.771588366521e-01,-3.614568438815e-02
1.227461669785e+00,-4.837824157814e-01,-1.038850102630e+00,-8.267950465499e-01,1.976613848637e-01,-4.801403664795e-02,-9.772052490939e-02,-4.049228262906e-01,-8.264838782359e-01,-5.939872652503e-01
-2.610797878262e-01,-1.374067450342e+00,4.039566946182e-01,8.767434587630e-01,1.240054423981e+00,8.329721367775e-01,4.572185499368e-02,-8.085820188553e-01,4.726090058635e-01,7.974407214740e-01
-5.100958195812e-02,-1.582555757710e-01,-1.404218701468e+00,5.571424037387e-01,2.077393553433e-01,-6.828385224198e-01,-2.679999085067e-01,-9.107041653964e-02,2.785407732159e-01,2.071191496799e-02
-5.884986617481e-02,-1.117810485202e+00,-1.955923421735e+00,8.483986305519e-01,-1.234207745663e-01,1.708655869391e-01,8.634353699943e-01,-1.241622260629e+00,-2.886902305838e-01,-3.883847176634e-01
-1.305855673663e-01,1.222252923940e-01,-2.971907280410e-01,-3.920027158204e-01,2.408872790670e+00,1.418254631195e-01,3.029904747741e-01,-5.758137560292e-01,1.433590119241e-01,-1.424949903232e+00
-1.243442515246e+00,-2.475897402065e-01,1.080806510845e+00,2.983098384421e-01,1.715949194995e-01,5.855912568552e-01,-1.884700604690e-01,-7.385550563347e-01,1.562608468277e-01,2.043801826797e-01
1.904927098213e-01,8.643868269631e-02,-1.312578166938e+00,5.226193887905e-01,-1.334032812831e-01,4.749111488851e-01,4.864129088948e-01,-4.285004670876e-01,1.461333074874e-01,-1.079465416868e+00
-1.284850074775e+00,-1.340499610464e+00,2.515549098462e-01,8.415379076135e-01,-5.505031600105e-01,-3.350411721429e-01,-4.106744364195e-01,-8.501177631665e-01,2.728385070113e-01,-1.046820106890e+00
-5.122531039766e-02,1.249846294862e+00,-3.889158513161e-01,-7.794186456268e-01,-2.229567371048e-01,-5.099889961972e-01,1.923130494963e-01,3.305560779923e-01,1.799033320514e-01,-7.188391864048e-01
2.552780772817e-01,-2.271266175929e-01,3.986676600852e-01,-5.102392310985e-01,2.931606761306e-01,-1.183843905226e+00,5.560183587108e-01,2.550273870489e-01,1.726686853790e+00,-2.047565329796e-01
-1.135707495515e+00,1.615807072412e-01,1.102215800934e+00,-7.261465284058e-01,3.587628990244e-01,4.713142438738e-01,1.643013983665e+00,2.959721189369e-01,-1.851015200368e+00,-3.830155238735e-02
1.740115791563e+00,-6.417725174795e-01,-5.583106406606e-02,2.277273063326e-01,-1.705284067247e-01,4.741408134981e-01,9.732826294110e-01,4.187247187700e-01,-5.667340010188e-01,1.020569101364e-01
-6.104967075906e-02,8.186713155188e-02,-5.801529032361e-01,7.026336207770e-01,2.375344587349e-01,-6.513728406196e-01,5.877538878409e-01,-9.875860740924e-01,-1.027110731901e+00,-4.249161491221e-01
-9.919500372821e-02,-6.244984252118e-01,-1.132304594736e+00,8.668518738047e-01,8.206132154007e-02,-7.027355381507e-01,-5.433346331088e-01,8.588310301462e-01,-6.841613674231e-01,2.405582829279e-01
2.468529909256e+00,2.635453212779e-01,-8.719882051031e-02,2.040263219175e+00,-2.569409636956e-01,-2.070955243430e+00,-6.758564473000e-01,-2.596158373327e-01,1.412892045066e+00,-5.657418299190e-01
5.725320737096e-01,-2.762512622916e-01,4.299224806668e-01,1.056027306453e+00,-1.856313920174e+00,1.526452965667e+00,2.354313093196e-01,-5.603683809670e-01,-1.363452232981e+00,2.428136889286e-01
1.271268034338e-02,-1.602632635999e+00,1.008368408233e+00,1.578517486373e-01,2.874193660695e-01,1.658572117805e-01,2.446293415133e-01,1.149887737051e-02,1.682568912806e+00,6.494097365473e-01
-7.957143628298e-01,-2.797394655883e-02,1.655398922956e+00,-1.192382001765e+00,-1.280660240308e+00,-1.552485134462e-01,-1.135439684569e+00,1.119081204256e+00,-2.294352217675e-01,-9.690947379863e-04
-2.049731269338e+00,-2.334829339797e-02,1.417733669636e+00,7.210559446374e-01,-3.151367069857e-01,-5.099669973899e-01,3.042428290624e-01,4.039036820842e-02,-3.392311347905e-01,5.048103122254e-01
6.874642204124e-01,1.313067591938e+00,-1.194671644237e+00,-9.437556166589e-01,-4.012398239413e-01,2.234183354921e-01,-5.204472920053e-01,-3.919590582548e-01,-4.345727125442e-01,4.720135526236e-01
-1.709551586230e+00,9.097132888372e-01,1.096483464228e+00,-2.663970550980e-01,1.200187010988e+00,1.497895268061e+00,1.667936526834e-01,1.359589549008e-01,-1.654594477917e-01,1.031467616685e-01
1.293824230950e+00,5.634217567612e-01,-3.452946354465e-02,4.138711115874e-01,8.239294627223e-01,-4.710703982716e-01,4.137324657933e-01,1.059294406430e+00,-5.061525913491e-01,-1.104694966644e+00
-9.064605390448e-01,1.952304320008e-01,-6.518208786296e-01,-1.298100449703e-01,-8.730831527789e-01,-8.141042196005e-01,-4.491743679696e-02,7.081651002128e-01,9.925803964426e-01,8.151164797445e-01
-4.346026506365e-01,3.750053298352e-01,-2.121896122862e+00,1.597547924264e+00,-1.706849176593e-02,1.650157913278e-01,-1.929373616080e-01,-7.163169015020e-01,1.450092407884e+00,-1.154088503766e-01
-2.290988299201e+00,-8.791872385617e-01,-1.759817094456e+00,9.233734363984e-01,6.439471942552e-01,1.041853844265e+00,1.328657783690e+00,-1.620178458949e+00,-1.266089083072e-01,2.869429674741e-01
1.724194655391e-01,-1.608867060520e+00,1.696159128963e+00,-6.897217513597e-01,-1.373913694220e+00,6.847259292314e-02,-2.236873165151e-01,-4.421605931901e-01,3.612033335451e-01,-5.429055032764e-01
1.931445963362e+00,4.198878958018e-01,-2.889998734090e-01,-1.154700623170e+00,8.673792106070e-01,6.633123300767e-01,5.232666184275e-01,2.595045014361e-01,-2.174473478798e+00,-1.275059603439e-01
-6.505651929944e-01,-1.155664064040e+00,2.615961903401e-01,-8.437636652732e-01,-6.555375523133e-01,1.702663243705e-01,2.643381346271e-01,-8.690952048846e-01,-3.312581006663e-01,4.828508587583e-01
-1.543774797479e-01,5.315489388843e-01,1.526762177262e+00,1.292514746332e+00,5.561943230459e-01,3.054716310542e-01,2.086857464577e-01,-3.976821768040e-01,4.527123234307e-01,5.591357210553e-01
-5.236223145730e-01,-6.330472657981e-01,1.691400778046e+00,-4.603751433308e-01,-1.049947991269e+00,-4.643399981168e-01,-2.036044222971e-01,-3.085187129600e-01,-4.407821916995e-01,1.263782336186e+00
2.875758022548e-01,-5.864759488385e-02,-1.213837588980e+00,-6.290264523679e-01,7.744511658520e-01,1.690164179339e+00,4.923511374759e-01,-3.108914923458e-01,6.703141156530e-01,1.280973867761e-01
-7.626934889447e-01,1.456638059712e+00,1.623528712326e+00,1.976165382587e+00,-7.150286114680e-02,-8.014217326812e-02,1.855534786321e-01,-1.131951997170e+00,-4.797577218129e-01,-1.477163089219e-01
8.520532680050e-04,-9.799561115861e-01,5.409369719070e-01,3.897881579120e-01,-9.536832497480e-01,-1.220555845535e+00,2.422213640032e-01,1.038650670778e+00,2.894991911291e-01,2.084900451935e-01
2.678342678178e-01,-3.989241943025e-01,-2.926151966128e-01,1.565691266623e+00,-9.917287790632e-01,6.029232937071e-01,-1.328712163598e+00,3.840756178698e-01,-3.806041578052e-01,-8.631476295747e-02
-2.569751495114e+00,7.236832668592e-01,-1.252968560352e+00,-8.717813117321e-01,2.263380245784e-01,-3.333421739209e-01,-5.108830018252e-01,-8.066904051855e-01,1.262186026030e-01,-1.832530946990e-01
-8.835534722367e-01,-6.353283320738e-01,-2.825426116035e-01,6.949464018245e-01,-9.440924301319e-01,1.101615348772e+00,-7.744251848824e-01,-2.788665785310e-01,9.369081407886e-01,-8.831003783901e-01
6.772180901298e-01,2.233634316665e-01,1.309895288712e-01,-3.258996580181e-01,5.167248749065e-01,-3.213253821601e-01,-2.317073243957e-02,-3.235053309762e-01,6.955552077682e-01,5.363657490364e-01
-9.509660198092e-01,4.155570981458e-01,-5.668604048347e-01,-5.281749617879e-01,-2.483641534576e-01,9.824932727770e-01,-8.226494807014e-01,2.678655425664e-01,2.018576154894e+00,-1.489021711708e-01
-9.496071141717e-01,-1.467439792147e+00,6.212307666762e-01,-1.213635100331e+00,1.201144895081e-01,1.240791412124e+00,8.624665956231e-01,-1.136416089014e+00,-1.239027310976e-02,-6.680140092422e-01
-3.160843083189e-01,-4.995751561186e-01,-4.745057397308e-01,2.474969670010e-01,5.545415961176e-01,-6.702601792263e-01,7.255579199039e-01,-1.116876450210e+00,5.488135261883e-01,8.568344772959e-01
9.051457552828e-01,-1.947050421068e-01,-9.290820873342e-01,1.964531498679e-01,-1.510243510817e+00,3.583939870283e-01,1.027007757349e+00,3.282471296837e-01,-4.250106578020e-01,-6.142343702157e-01
9.653667913776e-01,-1.584450430722e-01,1.287661505108e+00,2.172407051235e+00,5.215268236617e-01,1.254090193652e+00,-1.524521463315e+00,-1.215656050016e+00,-8.366605558839e-01,5.195748182163e-02
-1.666852471553e-01,7.619069901918e-02,-2.372601438094e+00,1.322648191876e+00,4.958668789547e-01,6.289415537918e-01,4.120957129631e-01,-9.187739745342e-03,1.404305438646e+00,5.583042539191e-01
1.418338142990e-01,1.679679166956e+00,1.166064505440e+00,-5.773829145994e-01,6.676789212740e-01,-1.799091075148e-01,5.422757842460e-01,6.535336667239e-01,-8.852516818372e-01,2.084657814380e-01
1.021282381521e+00,1.139759029787e+00,6.486546696106e-01,-4.384247755666e-01,-1.727507279841e-01,-3.461249411841e-01,5.564526502933e-01,4.447544792802e-01,-7.211950812954e-01,1.721756132959e-01
-5.196750665178e-01,9.011792697235e-01,7.998320057915e-01,9.653827920401e-02,-2.454401519462e-02,3.226866038713e-01,-9.543496945105e-02,-5.369463980963e-01,3.103487291589e-01,6.986693505012e-02
6.049751941171e-01,-1.709290718356e-01,1.420793215833e+00,1.003823441813e-01,4.630261155544e-01,4.067375678731e-01,-8.841277417939e-01,-1.669423551432e+00,-3.821180417674e-01,2.800089020200e-01
4.941918791443e-01,6.853484236919e-01,-1.231397144631e+00,3.123910042583e-01,-3.586274664753e-01,5.070151722418e-01,5.070331932295e-02,-5.401789489965e-01,-1.301789801970e-01,2.913096671684e-01
-6.838953069024e-01,3.314763369073e-01,3.289725994993e-01,1.936860031636e-01,5.293768030688e-01,-1.196206656962e+00,-3.331681620584e-02,-2.039010714023e-01,-5.108640420997e-01,7.316393372693e-01
8.666516360364e-01,8.371168799117e-01,-6.657623632947e-01,4.538773767163e-01,-3.401905976160e-01,1.418907761914e-01,-4.384831341913e-01,-3.094073952686e-01,-2.858068080493e-01,-4.369399706277e-01
1.169949367664e-01,4.390701462724e-01,-9.102649259922e-02,-2.362929156863e-01,-5.172093623594e-01,-7.325073808006e-01,1.471922700230e-01,7.116603526235e-01,-8.219233526906e-01,3.248422695977e-01
-4.548717795399e-01,-6.546172806344e-01,-4.405957864669e-01,-5.404986283471e-02,1.360535726418e+00,1.416167625634e+00,1.384272385970e+00,-7.323740240160e-01,-5.398861338836e-01,2.378307268685e-01
-8.007422431662e-01,-2.190003528890e+00,2.962854310778e-02,5.356107138232e-01,-4.690181048778e-01,2.724542001055e-01,1.378916729588e+00,-6.086861859161e-01,-8.739765382963e-01,-4.261251366073e-01
-7.629797585312e-01,-4.647016307870e-01,-1.437379486496e-01,-3.762888487438e-01,-1.437623379270e+00,-5.811944866698e-01,5.108833523565e-01,1.467402181752e+00,-1.258161664595e+00,-1.205372055913e+00
-9.725440215339e-01,-7.072642048628e-02,-8.993384989963e-01,-5.129826709298e-01,-1.409962169277e-01,-1.812225515318e-01,2.127443128158e-01,-1.544885169997e-01,4.658905212241e-01,7.343241816335e-02
-2.290859008822e+00,6.977027659755e-01,-2.824288792282e-01,-1.466129984984e-01,-1.834504353198e-01,1.487931603026e+00,-1.886507840086e-01,1.329114062619e+00,1.638601426432e+00,-6.402521052153e-01
2.618635963302e+00,-1.730838616671e+00,-2.722046913122e-01,1.327132632769e-01,5.123304550745e-01,8.631159496138e-01,4.254440706008e-01,1.304604930804e+00,-1.350365092619e+00,-9.858233986441e-01
6.378175202027e-01,-2.442155153400e-01,4.634148200383e-01,2.663859148935e+00,7.490547461331e-01,6.758862309433e-01,-3.589850069245e-01,2.205835598670e-02,8.595112262453e-01,2.116132439827e-01
4.489478733313e-01,1.410481085938e+00,6.395784199118e-01,-1.151823744475e+00,-3.566665794471e-02,-3.837305251109e-01,-7.010812054749e-01,1.466952742790e+00,7.458602996477e-01,2.245674124926e-01
1.815509220726e-01,-2.533830053336e+00,1.442533427175e+00,-4.755628495472e-01,-7.976843835655e-01,8.956681104669e-01,1.223896234851e-01,-1.753911268698e-01,-6.142212580129e-01,-5.938356205296e-01
-5.527246457542e-01,-6.501836260118e-01,1.588124556681e-01,-5.350035314219e-01,2.294708848020e-01,-9.982076959636e-01,3.528992201449e-01,-3.254241575117e-01,1.986890501490e-01,1.215689327362e+00
7.556738645830e-01,-5.172064470035e-01,1.584540756673e+00,-3.888025621130e-01,3.252250416584e-02,-3.338892068815e-01,5.090818894709e-01,5.701096423528e-01,1.268879019995e+00,7.866784966098e-02
4.816046897628e-01,-4.699099172224e-01,-4.070884235806e-01,1.711830850132e+00,-1.031347670047e+00,3.200931906601e-01,2.276320386880e-01,-4.515535979070e-01,7.017398403155e-01,-1.381887810372e+00
9.786949475221e-01,1.536378904360e-01,-3.131876745404e-01,-3.048784790576e-01,-3.880245273353e-01,7.777336520348e-01,-1.664174182580e-01,4.400844482930e-01,1.071005077446e+00,5.769006716201e-01
-7.449336509803e-01,4.628625490656e-01,8.347773476660e-01,-5.770062572425e-01,-9.152150298329e-01,4.438141587034e-01,-2.992181555948e-02,-1.967890500970e+00,-2.280227220483e-01,9.744918087819e-01
-1.114799060159e+00,3.640928560811e-01,8.496281381482e-01,2.500240173675e-01,-2.302421185547e-01,-9.595214057676e-01,8.491244290915e-01,-2.284763792313e-01,-7.081762243138e-01,1.636736874003e+00
-7.975449108054e-01,2.018158100227e+00,5.692655445171e-01,-1.722057537840e+00,1.035481756693e+00,1.302506604438e+00,5.146228661748e-01,-4.150480420870e-01,-9.146890255270e-01,-1.163743898058e+00
-7.076156188809e-01,-3.472150299526e-01,-8.265475277620e-01,-3.358172486743e-01,1.361796443390e+00,7.027513972034e-01,6.477518120768e-01,1.656744931070e-01,-7.274027244007e-01,-8.277697146582e-01
-7.035727901262e-01,-2.007489070959e+00,-6.619176204344e-01,7.770761268788e-01,-1.021258776686e+00,7.890371712202e-01,8.576514229660e-01,-1.129629030934e-01,3.832122787794e-01,1.646685519220e+00
-1.044270224867e+00,-7.306280801220e-01,-9.223348960753e-01,9.577830242086e-02,1.807643711929e+00,1.371124532525e+00,-4.513198636522e-01,-3.735366065090e-01,-1.238662736830e+00,-7.837078504133e-01
-3.413604183371e-01,-6.034770844881e-01,-4.834308570378e-01,4.369647667025e-01,1.228408181979e-01,-4.527606398818e-01,-4.501614803106e-01,3.201329064682e-01,4.117278772895e-01,-8.798600593329e-01
2.209806877764e-01,-1.692671977749e+00,3.308290961305e-01,-2.122685373800e-01,-9.323885607785e-01,-6.200742934096e-01,-4.911369963825e-01,-8.631598253109e-01,4.748331824434e-01,-7.915928077389e-01
-5.757261118318e-01,-1.146667387987e+00,1.811508128685e+00,7.217291705622e-01,4.982855817462e-01,5.052331975887e-01,1.078591077491e+00,5.842289738120e-01,1.925362011610e-01,-6.030708505045e-01
4.308085095502e-01,6.018206562805e-01,6.758642008313e-02,-1.617682034710e-01,1.707264027551e-01,9.477336674307e-01,-1.003242902749e-01,1.167531567881e+00,7.322755064604e-01,5.064849684857e-01
4.901726984723e-01,2.829503734800e-02,1.256169148280e+00,1.556812029432e+00,-1.086061927906e+00,-2.045806427058e-01,-1.387010268215e-01,1.290268084875e+00,-1.563707384723e+00,1.008310071420e-01
1.315779492740e+00,-8.434715358888e-01,3.852925744839e-01,8.548323540411e-01,-1.389663135808e+00,-7.771950007324e-01,2.177071493719e-01,-1.709010082817e-01,1.019541115964e+00,-1.354557052646e-01
8.747515852864e-01,-1.658618275693e+00,2.973452328839e-01,-5.963526857596e-02,-2.470976288196e-01,5.311720275827e-01,6.424218067466e-01,-1.065032689220e+00,1.728600966074e-01,6.119600428461e-01
1.606207245642e-01,-1.437537314593e+00,-5.161907212076e-01,-7.467345645133e-02,-1.016946843958e+00,-1.110704281254e+00,3.388058885577e-01,7.895119112165e-01,-8.182822664697e-01,4.285819458481e-01
-1.778516427795e+00,1.568950208533e+00,-8.254578276105e-02,1.934643228344e+00,-6.728634180762e-02,-1.951456583913e+00,-1.727397494421e-01,1.240963148256e+00,-6.139794111584e-01,1.966355179038e+00
7.114916961672e-01,5.538639413664e-01,7.833838583638e-01,-3.229145705549e-01,1.872226834034e+00,-2.782978633723e-01,-2.811230627344e-01,-6.882160843316e-01,-8.327038075240e-01,9.526394405755e-01
3.520660080140e-01,7.172163853685e-01,-2.983889693679e-01,3.765006645659e-01,-1.749338951545e-01,7.332537217289e-01,-3.737465010930e-01,3.613309955192e-01,9.991855711721e-01,-9.343835222624e-01
-1.563023244732e+00,1.660647812787e+00,1.085658865598e+00,-4.473147589192e-01,-3.467570454222e-01,-9.737853404572e-01,-6.615921431043e-01,-6.463034951538e-01,-1.368525086502e-01,-8.239897497565e-01
-9.858053811619e-01,-8.260049260158e-01,-2.601754886687e+00,-2.691977588091e-01,-9.544632096215e-02,-5.351224987495e-01,-3.993666820993e-01,9.119737787536e-01,-1.087695402688e+00,-2.780281911628e-02
6.388270763095e-01,-2.255435116625e+00,-1.038444234820e+00,-1.608699229719e+00,-1.007778968282e-01,-4.116020356098e-01,3.179026344104e-01,-1.121361159092e+00,-1.307024744221e-01,1.299042409245e+00
-9.377347890327e-01,9.825314870296e-01,-1.247788214148e+00,-4.849123668082e-01,-3.710549378414e-01,7.035907259853e-01,9.941663828097e-01,8.135460440445e-01,3.320620103341e-01,-2.264879611547e-03
1.264848689140e+00,5.263752511131e-02,1.295212532728e-02,-6.440928099272e-01,6.155719878437e-02,-5.016972960171e-01,-3.531885425658e-01,-4.862944276215e-01,2.864718623511e-01,-3.469066122133e-01
4.399450429605e-01,3.566176169957e-01,-4.777435181184e-01,1.625113730991e+00,-4.857809082948e-01,-6.945216390753e-01,7.187036212768e-01,1.666090913360e+00,-1.209648725008e-01,1.815983797242e-01
-2.583004723571e-01,8.213590958900e-01,-6.448842021298e-01,-9.900836620604e-01,1.270661618300e+00,1.450565045339e+00,-5.666037052384e-01,-5.619982510596e-01,1.178468752226e+00,-7.223450035047e-01
-5.207440996308e-01,-3.235017609571e-01,1.622113595484e+00,-1.987540199330e-02,-1.598525747264e+00,7.162046671433e-01,1.066795388417e+00,7.424354250467e-02,6.281813011979e-01,6.653159278108e-01
-7.933833784757e-01,-1.242538847555e-01,-2.204337194727e-01,-2.115628265069e-02,2.723562988725e-03,-9.434646111249e-01,-1.039779601945e-01,4.050260890288e-01,-7.680314717337e-02,4.362763719773e-02
1.411701705955e+00,1.527450917564e+00,-8.890049150844e-01,3.123404728900e-02,5.970096116274e-02,7.162338445087e-01,-4.328627228024e-01,-1.156376048789e+00,1.479906365572e+00,5.077788108781e-01
7.833119768797e-01,-8.560626807718e-01,2.442079828267e+00,1.455080859241e+00,4.098725112660e-01,9.351358584375e-01,-8.268181074255e-02,-6.964103448285e-01,-1.912151708429e-01,4.173106684793e-01
3.157464203703e-01,-1.083710971439e+00,7.991073624243e-01,6.847857070274e-01,1.402194229852e+00,-1.334554485728e-01,8.662755017355e-01,-7.495737377693e-02,1.507774783735e+00,2.875740880779e-01
2.290194886624e+00,-1.937918332208e+00,-7.842035196672e-01,-1.556577628428e+00,-4.471065271762e-01,-2.525534376068e-01,-1.045614229024e+00,-9.201557602865e-01,7.321909797143e-01,2.053888565964e-01
-1.103527566552e+00,-2.104321129079e-01,3.611555331303e-02,-1.764701869708e-01,3.442341780953e-01,-1.073183618918e+00,-1.642896734111e-01,1.820978062937e-01,1.273392514257e+00,6.165678427330e-01
-8.140805576214e-01,-9.829281354275e-02,9.806287460243e-01,-1.074702371929e+00,-5.499482713618e-01,-1.635190827713e+00,-1.349321642923e-01,1.848535251730e-01,1.168958002430e+00,-3.019851811125e-01
1.038082126177e+00,1.144783852796e+00,1.461174581267e-01,-1.782988555511e-01,-1.133576721502e+00,-1.292425004904e+00,-1.000427511180e+00,-3.639310581672e-01,1.630146498408e-01,1.026110216644e+00
1.573340548531e-01,-2.125370264274e-01,4.816834281534e-01,1.770189480622e-01,-5.455090477661e-01,-1.813166034039e-01,3.355725988910e-01,-3.997308305711e-01,6.722952079137e-01,-5.932736654104e-01
-8.530538126080e-01,1.247716721872e+00,3.617880774446e-01,8.446441946111e-01,9.034713027596e-01,-2.000027238134e+00,-7.001535373013e-01,-3.493140610369e-01,1.166076816052e+00,9.312770400841e-01
-1.933006905102e-01,1.620053741554e+00,-6.344081377864e-01,-1.211112013638e+00,1.319314763364e+00,3.765062413490e-01,1.495901245137e-01,3.073195049126e-01,-6.930104062474e-01,-8.739255817710e-01
2.264454987833e+00,9.275969623178e-01,-1.272435177531e-01,-1.423519127278e+00,1.038660691764e+00,-1.509462273322e-01,-1.939324824724e+00,-6.644658384755e-01,-3.669495866558e-02,-9.506462355667e-01
-7.661891984022e-01,-4.986498348837e-01,6.155593658307e-01,-6.876037927673e-01,-6.048557236807e-01,9.783280807356e-01,6.484210907807e-01,5.809465849836e-01,8.029750665207e-01,-7.014975681160e-01
-2.403323706822e-01,-4.911439364130e-01,-2.547189626937e-01,-5.825068689188e-01,-4.661754517412e-01,-9.504618974846e-01,-2.019898896913e-01,-1.745766265254e-01,4.031776825755e-01,1.387020048884e-01
-2.261203919111e-01,-5.465431864404e-02,-2.288165760903e+00,1.521472430053e-02,-5.847154677851e-01,1.071876405626e+00,-1.448841892817e+00,3.145093281122e-01,1.479399039299e+00,1.706728668671e+00
-7.241197781669e-02,-1.434802733969e+00,9.258565463379e-01,-6.985117951885e-01,3.806648977746e-01,1.532285582183e+00,7.509348644740e-01,-1.121312659263e+00,7.750629349993e-01,6.389433355051e-01
-8.091598184022e-02,-7.652893033582e-01,-5.090639265372e-01,-1.444673281570e+00,-1.838943626755e+00,1.073083675300e+00,3.039926166841e-02,-2.151859079712e+00,1.576829753926e-01,-5.620136171134e-01
-1.003473368508e+00,2.103347210708e-01,-1.381015173438e+00,1.194496707155e+00,-1.075475546689e+00,5.477168425955e-01,-1.020057028327e+00,-1.054894131761e+00,-4.487287143878e-01,4.362242775333e-01
2.116042281672e+00,1.089882809464e+00,9.223328258965e-01,5.234120505758e-01,1.112094342485e+00,-4.305276346143e-01,7.231814142370e-01,5.726796086801e-01,8.488139535402e-01,1.284959719603e+00
1.553425783063e+00,7.102736143648e-01,4.058754749621e-01,1.963032430202e+00,-1.034141447414e+00,5.933378391082e-01,5.616636015437e-01,5.903591092193e-01,1.549784449255e+00,1.511086480346e+00
5.897936628897e-01,-1.677123108198e+00,3.531148817020e-01,-3.733450029053e-01,-1.123512389334e+00,4.714848815759e-01,5.136909324270e-01,1.413989611245e-01,-2.991727229119e-01,-6.622681076497e-01
5.026322371127e-01,1.204754596372e+00,7.119316835059e-01,1.304004310772e+00,2.911081433018e-01,5.538576522850e-01,-4.583488664618e-01,-8.531638907613e-01,-1.402726298387e+00,3.575334664465e-01
3.058718557371e+00,-1.243198586775e+00,3.434714807196e-02,1.155391441631e+00,7.370097362581e-01,5.237257079102e-01,-1.070066051321e+00,-1.491675979385e-01,-6.790614718723e-02,-7.897297784647e-01
7.524066131284e-02,-6.808156456141e-01,9.018172472648e-01,8.548491524841e-01,-4.798961302880e-01,8.879297180721e-01,7.854623461360e-01,2.332828249096e-01,9.456315251181e-01,-9.727194227320e-01
2.618485740995e+00,-1.012124256779e+00,7.036581010010e-01,-7.718128541109e-02,8.909712950179e-01,-3.859169663363e-01,7.274240473698e-01,-2.195496324906e+00,4.736324739715e-01,-2.752408222080e-01
-1.204509815971e-01,-2.176298544708e-01,-3.853403649166e-01,-1.419009532374e-01,1.480048935057e+00,-1.314481441755e+00,-1.238875140154e+00,-8.768392414805e-02,1.570038826391e+00,3.233511768039e-01
-6.150247992736e-01,-2.666438308219e-01,3.789325215435e-01,1.125986384969e+00,-8.347801654337e-01,1.243931059311e+00,-7.479987164188e-01,-1.535915230098e-01,-1.506992827366e+00,8.342459233747e-01
9.125721870813e-01,-8.830895517148e-01,-3.482182084135e-01,1.963529350781e+00,2.124553780288e+00,-4.432317907581e-01,-2.035053422490e-01,-1.227390367427e+00,9.462476376347e-01,-3.175604267321e-01
-4.912900332947e-01,5.693317654817e-02,2.974472545971e-01,2.987365814366e-01,6.543981297050e-01,6.235149540168e-01,-1.022821820927e+00,5.044459915969e-01,-2.780901027971e-01,-2.431137723315e-01
-3.059452941687e+00,-1.302418614728e+00,-1.130013388602e+00,1.313081123080e+00,2.031525928081e+00,4.262532003208e-01,1.036407791718e+00,9.886165566544e-01,1.891157202595e+00,4.023305950064e-01
1.378258687492e+00,-6.954750612068e-01,9.827373713845e-01,2.050520726187e-01,-2.104174614758e-01,-2.053821511458e-02,1.031871174119e+00,-9.682184485375e-01,9.610373300645e-01,1.885890360459e+00
