8.576826250807e-02,-1.456425817808e+00,1.343398504167e+00,-3.020953162987e-01,-1.402309894574e+00
1.006044994718e-01,2.226126500260e-01,5.777256138695e-01,1.819194463629e-01,-5.840214624743e-01
4.827063115042e-01,1.162550839359e-01,3.029395050029e-01,-1.064276830059e+00,9.207933970752e-01
-1.415657304619e+00,4.945579910703e-01,1.848700177600e-02,1.806669936960e+00,-2.454280832219e-01
1.199939921052e+00,1.780885216099e-01,7.404841079175e-01,-8.562507371769e-01,1.097418746857e-02
-1.334369318624e+00,-1.003601647623e+00,-1.381079645392e-01,6.619436374765e-02,-1.042623567751e+00
1.511023645658e-01,4.746944500660e-01,-2.220703505266e+00,-1.058925244603e+00,-7.930438335991e-01
2.904211769987e+00,-8.478603875177e-01,6.773611991174e-01,-9.098100289032e-01,-8.640217102595e-01
1.557742009647e+00,6.258117009272e-02,-2.148819288322e-01,6.685254039042e-01,-2.168120721693e-01
1.046585249000e-01,6.338281230459e-01,4.427916985767e-01,3.013714776399e-02,1.083053137268e+00
-2.722140593539e-01,9.146128391869e-01,-1.623107306841e-01,-8.445277652451e-02,-1.527805420313e-01
7.339819975201e-01,4.852021802512e-01,7.865979584049e-01,-1.498433581234e+00,1.391276386714e+00
2.673718814954e-01,-2.443432034065e-01,4.278801425221e-01,4.686394747100e-01,1.300530070135e+00
2.097574518741e+00,-1.462928780871e-01,-1.008688031337e+00,5.917304139058e-01,1.252105195102e+00
1.021463989284e+00,1.295263014067e+00,4.698552230836e-02,4.554195711831e-02,-1.059305783045e+00
-1.028309051992e+00,1.055502343993e+00,1.116214686717e+00,2.244200349142e+00,-8.186901426077e-01
-6.397458692244e-02,-5.519286706591e-01,5.524202674141e-01,2.884414941695e-01,3.196450480543e-01
-8.226935353110e-01,-1.415741434573e+00,-2.431494621705e-01,-5.267871369817e-01,-2.506198018240e-01
-1.223051023033e+00,1.340879750441e+00,9.872069979727e-01,3.233201180560e-01,-8.697350581986e-01
-2.370573564567e-01,-1.757389252810e+00,-1.460397203909e+00,-9.280863258572e-01,-8.401336263690e-01
-6.022472035904e-01,-2.482530614050e+00,1.674519509992e-01,-9.928085018289e-01,9.167131211282e-01
-7.999511896469e-01,-1.138593539656e+00,2.680666724397e-02,-1.674364923090e+00,-1.484497958382e+00
-3.880227428591e-01,-1.477160916755e+00,8.877137005714e-01,-5.488815059359e-01,-1.780710642922e-01
1.375900163812e+00,3.125351406372e-01,-1.177519161157e+00,-3.358684551396e-01,6.939961457180e-02
-2.266332991036e-01,9.550850707541e-01,-2.168081972753e+00,9.243352088360e-01,3.543767543466e-02
1.233011575712e+00,-1.176956481824e+00,-1.086704400056e+00,2.990328748809e-01,-4.097570609186e-03
3.637444656699e-01,-4.069563130918e-01,-6.580756573937e-01,1.526508485214e+00,-1.059498295378e+00
8.796041751912e-01,-2.280107860391e+00,3.145382988658e+00,-1.658144062788e+00,4.761301209470e-01
-1.729648415496e+00,-6.425532807387e-02,5.265695193028e-01,-9.686273364679e-02,-8.425440255244e-01
-1.667457220373e+00,-9.060147496989e-01,1.450423936498e+00,9.549268742621e-01,8.527949554324e-01
1.063770521102e+00,-2.910998394735e-01,-1.265596154724e-01,4.882529217939e-01,1.468124494631e+00
8.964442157665e-01,-3.228481705662e+00,-5.667451267593e-01,-2.999220406370e-01,1.358566705509e+00
1.945483071085e-02,9.043671129921e-01,3.198104328832e-01,1.412543655419e-01,3.223233409505e-02
2.196829802933e-02,1.442025712045e+00,2.842602730052e-01,6.514843520757e-01,8.005066128899e-01
-3.064353599264e-01,1.588082060711e+00,4.763447140913e-01,1.313690155343e+00,-4.271959099736e-01
6.472013119719e-01,1.363230023448e+00,1.393570803577e-01,-8.323269511593e-01,-1.658799799060e-01
1.541935787837e+00,-7.030729199155e-02,-2.201690559384e-01,1.837751538427e+00,-8.914031945533e-02
-9.029637772681e-01,-4.487394104063e-01,-6.170652664747e-01,1.591791367858e+00,4.943025872758e-01
6.147211688339e-01,1.059772459614e-01,1.165311624265e+00,1.659900425302e-01,1.756744900666e-01
4.435364660250e-01,2.252962380979e-01,-1.528990323565e+00,1.079616051832e+00,5.548650174350e-01
-6.236369956233e-01,-1.039145728526e+00,-5.249026559231e-01,-4.822358399745e-02,-7.381213681647e-01
1.403032567147e+00,-9.185045961221e-01,-2.101245106538e+00,3.796256596614e-01,1.821290973928e-01
7.208681543005e-01,9.045685647000e-01,-6.052083025354e-01,2.110847569016e-01,6.783321276378e-02
2.100984612211e-01,-1.071650834278e+00,-1.108832585547e+00,1.212551424226e-01,4.254086101758e-02
8.968109838257e-01,-6.201735069511e-01,2.094384041788e-01,-4.475914083062e-01,1.556447089795e+00
1.623300348696e-01,-7.470901817625e-01,-8.160917493890e-01,1.322957303817e+00,2.106510558961e+00
-1.498257524207e-01,-5.420723298568e-01,-4.555010248335e-01,-2.001895838542e-01,4.446770891645e-01
-5.480260471697e-01,6.812545410465e-02,1.767633957735e-01,1.309251909980e-01,7.522170609706e-01
1.090209899365e+00,6.046691870670e-01,5.348142973298e-01,1.940325131997e-02,3.665742869020e-01
-1.868281683394e+00,-4.681464800260e-01,-1.233042449722e+00,2.610411580495e-01,4.868259550924e-01
-1.678582486184e+00,5.702311015974e-01,1.122388754568e+00,-1.038432018586e-02,3.035951542324e-02
-2.984592076109e-01,2.879088102181e-01,-1.168535915948e-01,5.637501604730e-01,-1.075301525266e+00
-1.172080204390e-01,1.777262766246e+00,-1.257536949465e+00,4.555137444930e-01,-3.936592347254e-01
8.982864216301e-01,9.237267803975e-01,-1.070232006604e-01,6.856516102005e-01,-7.759831364689e-01
-9.493049538289e-01,-2.647760977213e-01,-5.133074449931e-01,5.783725415968e-01,7.117059907048e-01
-2.088799351312e+00,1.393826612455e+00,5.745384200176e-01,-7.540294140265e-01,6.563568297068e-01
-1.215023188385e+00,-2.138510873067e+00,-1.792016320746e+00,-1.889815082872e-01,7.210323368600e-01
9.939878817170e-01,1.079341113969e+00,-2.673914321198e-01,-2.587385897720e+00,-5.128652916542e-01
-4.603466973950e-01,-9.568445343315e-01,-3.801343652025e-01,-1.547329531694e-01,6.943266482010e-01
1.171197109566e+00,1.708157889617e+00,-3.972067422017e-01,-1.321021707072e+00,1.699739085788e+00
6.928969659148e-02,3.370335530863e-01,4.439125682728e-01,-9.199435921009e-01,-1.634979717670e+00
-1.075021701187e+00,3.488466853847e+00,-1.277201078352e+00,-4.610805594398e-01,-1.808227575613e-02
8.236943004330e-01,1.428160821127e+00,6.599446004762e-01,2.316443070814e-01,-2.607656743052e+00
9.720568690050e-01,-3.474593572949e-02,-1.255453265581e-01,3.402901389611e-01,1.331310668129e+00
-9.278071814804e-01,4.461467880253e-02,-4.695558262928e-01,1.091801024177e-01,-1.411804186195e+00
-1.210477459246e-01,4.017714208075e-01,-8.159259583659e-01,2.867413442578e-01,-1.161124417199e+00
-1.842092301524e+00,7.938334716815e-03,-2.716224236075e+00,-4.409298474833e-02,5.656582344358e-01
6.033522162917e-01,1.412642712864e+00,4.914454461695e-01,1.310133273095e-01,5.032844078290e-01
-6.751892802490e-01,1.471695712624e+00,-3.400041001545e-01,-1.054802161496e+00,9.567056726750e-01
-3.577814569274e-02,2.960296796487e-01,-1.076271954839e+00,-1.051757242040e+00,8.881663131493e-01
-3.424671709129e-01,4.326753511036e-01,5.018548284055e-01,-1.059641747548e+00,4.931646494118e-01
-2.883303035637e-01,2.100599147399e-01,-6.997162666530e-01,3.479971658165e-01,1.162611606784e-02
1.771782446157e-01,4.788680070929e-02,2.047000047769e+00,-3.161035525542e+00,-1.204125566856e+00
5.079920206767e-01,-1.685542173685e+00,9.987047852440e-01,-2.692746412413e-01,-5.447271428594e-01
-2.749032129564e-01,2.547908385424e-01,-1.303776273742e+00,1.193980254158e+00,1.222061529488e+00
-4.130317309187e-02,1.114850970372e+00,1.112561331080e+00,1.076164077959e+00,8.337383837023e-01
-1.038065291902e+00,1.963220305080e+00,1.239315895330e+00,-2.175935135433e-01,3.474475727614e-01
-7.988149298262e-01,-2.239569002555e-01,-4.083211111586e-01,5.187748164804e-01,1.120576567353e-01
-1.407894416027e+00,-2.089542547104e-01,-7.160115483552e-01,3.279586815086e-01,6.714036204347e-03
-6.214561931510e-01,1.073041502472e+00,-9.166563412593e-01,-8.023034197589e-02,-1.171862048174e+00
-2.180446044615e+00,-1.480688553924e+00,-9.947211741857e-01,-7.346900012077e-01,-1.252182432316e+00
-1.185017232251e+00,-2.169541747510e+00,6.788725879454e-02,1.206749728403e+00,-2.666137888260e-01
6.044128273605e-01,-9.851166781108e-01,-1.999469986428e-01,-2.011912417947e+00,2.196002582645e+00
-9.786092449798e-01,1.640526397241e+00,1.323455052110e+00,5.797674669013e-01,1.491870418681e-02
-1.052340354415e+00,-2.588327482925e-01,1.058004289387e-01,8.102199602246e-01,-6.205765104846e-01
2.117265334387e-01,1.690168182816e-01,-2.542130840041e+00,6.214556298722e-01,2.869677050032e-01
1.361997982598e+00,5.282773619625e-01,-8.141218588095e-01,4.793836107557e-01,-4.167192635205e-02
6.671983362479e-01,9.054693446880e-01,-1.841152311009e-01,-1.349367336678e-01,-9.692790607339e-01
-5.126453471127e-02,-2.001343381574e+00,7.626158991022e-01,1.581038829902e-01,5.233242350347e-01
1.408526085246e+00,-3.094529842519e-01,1.521261856969e+00,1.858390410765e-01,9.542686555813e-01
-7.218255381071e-01,-2.310499501236e-01,5.327770147770e-01,1.431213048911e+00,1.647208636487e-02
-1.386602871913e+00,-7.725699228948e-01,3.636445523783e-01,5.489260480586e-01,-1.961028887706e-01
-3.408872087472e-02,-5.280552098463e-01,-3.402990094038e-01,1.163121453795e+00,-7.947380865797e-01
6.148171963468e-01,4.358570043655e-02,-4.370342269807e-01,-2.700492838390e-01,2.500159517488e-01
2.650081322818e+00,-7.848766468064e-01,1.154188108764e+00,6.611600623505e-02,1.185212896714e+00
5.390125010556e-01,-8.016886309432e-01,4.195563375118e-01,5.646956101557e-01,-1.007656855161e+00
2.335259591585e+00,3.007605360687e-01,-1.833369768882e+00,3.843896535931e-01,1.775613507547e-01
-1.161311546465e+00,-1.706147581116e+00,3.172626108661e-01,9.117013935168e-01,-4.251601953986e-01
6.073057809088e-01,-1.117914276219e+00,-5.022792679328e-01,1.751048283348e-01,-1.268404277908e-01
2.311271404428e+00,2.781831843028e-01,-1.400125245006e+00,-2.776801100911e-01,2.871483859571e-01
1.204185398983e+00,-1.672291389417e+00,-6.040863052333e-01,-2.191210353725e-01,1.171909130323e+00
-1.386230634066e+00,-3.718066516591e-01,-1.538553247450e+00,5.319410449906e-01,-3.543909721153e-01
1.502134947364e+00,-1.033469300296e+00,2.524136991638e-01,-9.906713472007e-01,-5.852483774032e-02
-3.316733949996e-01,-2.952571209225e-01,1.519594544719e+00,2.662974628303e-02,3.907478387181e-01
1.313137683946e-01,9.085173414387e-01,-1.593028375409e+00,-3.481323128303e-01,4.471103569277e-01
-1.205032738219e+00,-6.469820945895e-01,1.864406887767e+00,-4.845974097864e-01,1.368463463507e+00
-1.057072854374e+00,-5.238422546129e-01,6.264094345005e-01,-1.324047646680e-01,-1.451535590629e+00
-2.964888852814e-01,-3.456468033915e-01,2.560428734530e+00,1.272017097655e+00,1.065380605016e+00
-8.105286510842e-01,1.409396133609e-01,-9.812981196860e-02,-1.792905152443e-01,9.887601471652e-01
-4.452085456423e-02,-6.736956110682e-01,-1.177419240482e+00,9.697255564751e-01,-1.148709982858e+00
-2.831401042832e-01,6.976760138331e-01,-1.296624076337e-02,-1.498814906559e-01,-4.895406413504e-01
-4.916180862842e-01,1.431789453020e+00,-1.580520262552e+00,8.649370885908e-01,-1.145472039466e-01
-1.397777094103e+00,-4.644244967192e-01,9.472341177450e-02,-9.108805478733e-01,-1.511171399333e-01
1.132662544294e+00,-5.743058132843e-01,-4.033826970645e-01,3.097901180601e-01,1.050802604800e+00
9.186733843178e-02,3.486563529569e-01,2.048463573103e-01,-1.085286845925e+00,-1.704440418921e-01
2.078161884712e+00,-2.620077274182e-01,-2.616616143174e-01,-5.860861051236e-01,-7.704129644342e-01
-1.937865155181e+00,-1.390695551219e+00,-5.057679644281e-01,-8.138695834096e-01,7.326780452442e-01
-8.411345258397e-01,-1.606036739591e+00,-2.835299684246e-01,-6.568393008148e-01,-3.085539366200e-01
8.833056488976e-01,1.272462638396e+00,4.222664863343e-01,1.643239445378e+00,9.942510400436e-01
7.761776897135e-01,1.792308870611e+00,-1.185233890791e+00,-8.235956079923e-01,6.078277680831e-01
-5.160174650730e-01,-1.222254134510e+00,4.437990456594e-02,-2.055676219110e+00,-1.914154974826e+00
-8.369747790388e-01,-2.280344533220e+00,9.069330457392e-02,-8.375735513623e-01,-1.668349870774e-01
-2.162728207199e-01,-2.016105321032e+00,4.871063464051e-01,-3.945921561100e-01,-3.637937484521e-01
3.552754962549e-01,-8.851814960314e-03,-1.830699826461e+00,-1.892956947467e+00,7.894618606805e-01
1.806552451934e+00,5.487636565276e-01,6.285665774765e-01,-1.244197538616e-01,-6.223144014787e-01
1.327805452864e+00,8.685054909357e-01,1.077333039300e+00,-7.531788532963e-01,1.282946940243e+00
-8.268784665206e-01,1.931211724493e+00,9.230856730304e-01,-2.490587236945e-01,-3.922512852089e-01
-1.080234425423e+00,2.057125596709e+00,1.865237994250e+00,-4.065583116576e-01,4.609991270266e-01
-1.234012092224e+00,-7.552533693557e-01,4.179805525124e-02,4.929112348353e-01,1.846861802003e+00
-1.315432644991e+00,2.059659272726e-02,5.180246226754e-01,5.351456884094e-01,-2.332083436020e+00
2.150091669721e-01,-2.238646171720e+00,7.314211493282e-01,1.581229484275e-01,-2.824459268504e-01
1.297597158619e-02,7.108458949231e-01,-5.637192359987e-01,-3.414264228473e-01,-1.468564674725e+00
5.582860191383e-01,1.337712858870e+00,6.825822849909e-01,8.530999713961e-03,4.093455625639e-01
1.171402456121e+00,7.243578667586e-01,5.361450779688e-01,9.754392645984e-01,-1.317159338072e+00
9.113726120138e-02,4.956565588769e-01,7.076238988404e-01,-1.892027827184e+00,1.067425001289e+00
-7.354299332888e-01,2.530526959275e-01,6.715916512492e-01,1.084426058688e+00,-5.333699037529e-01
-2.892726846198e-01,-1.745945454652e+00,2.306143718277e+00,5.955164658285e-01,1.017046626948e+00
1.218336890370e+00,-1.674089396930e+00,-5.859735499031e-01,-2.179622742140e+00,-3.848504166965e-01
-8.465713063884e-01,-4.687662604898e-01,-9.829442272336e-01,4.421880409102e-01,-2.859750694496e-02
2.122388515365e-02,1.083165585015e+00,5.558472417412e-01,5.309596364915e-01,8.044840896429e-01
-8.825353288607e-01,-5.338927507549e-01,1.669969482403e+00,-5.736301929787e-01,-5.072253874088e-01
2.244488888504e-01,1.587983925951e+00,-5.278694714499e-01,1.214779810923e+00,5.160458188022e-02
-2.972470935842e-01,2.622832842836e-01,6.663594381364e-01,2.593802761141e-01,-3.563725266202e-01
4.725899418250e-01,-7.381643627745e-01,-1.141689778817e+00,5.603427765581e-01,5.009307734773e-01
-2.473726368261e-01,2.090475741390e+00,-1.480176402289e-01,2.782634341197e-01,5.931761812445e-01
-6.858938595350e-01,1.403817264175e+00,-1.285321762124e+00,-1.135896105554e+00,6.277663909757e-01
2.710953159459e-01,-1.500778851220e+00,-1.273582147225e+00,-7.936289438259e-01,1.137912140745e+00
-2.438311018534e-01,5.099266049615e-01,-5.030018017967e-01,-7.408145463669e-01,4.458268437092e-01
-1.587255096234e+00,-1.867403727481e-01,-2.544925227149e-01,3.362239077990e-01,-3.222494143574e-01
-7.173499833392e-01,9.290360823204e-02,-1.666810801728e+00,-6.548088109659e-01,-1.687614319017e-01
-5.953569881804e-01,1.558305125426e+00,8.960438221655e-01,1.396279955376e-01,-5.253031899873e-01
5.737666791345e-02,-2.014880524820e-01,-8.047292983887e-01,-8.315020043980e-01,-5.744359110204e-01
-5.595783264360e-01,1.963308887422e+00,-1.211134112157e-01,1.608901928062e-01,5.697468618068e-01
-8.638197514429e-01,1.931984339102e+00,1.035071678953e+00,-9.404868924587e-01,-1.497749173395e-01
-1.013399063815e+00,-1.334298819585e+00,5.654668751888e-01,-1.298214678889e+00,-5.974600728105e-01
6.895643385851e-01,-4.591405732915e-02,7.410008398878e-01,4.660203119158e-02,-8.521005556076e-01
1.648556997307e-01,4.275424197120e-01,2.073689125847e-01,-1.676761173290e-01,7.711074659317e-01
6.218659260461e-01,-2.947478971430e-03,7.090420089251e-02,-7.840679875729e-01,9.434129300817e-02
7.873435976925e-01,-3.611339025965e-01,-3.675354775138e-01,-1.548166766585e-02,1.096839994201e+00
7.255618832271e-01,-9.272258040019e-01,3.378476497791e-01,-1.873906444032e+00,3.366153441290e-01
-1.373591842521e+00,-7.712980361306e-01,-3.410624433921e-01,-7.757990477679e-01,-7.757029875127e-01
1.913591655735e+00,-1.910426944180e+00,1.274013400895e-02,5.213885299029e-01,6.753683941279e-01
2.770928950774e-03,-5.588833826308e-01,1.180350636786e+00,2.013609678093e+00,7.669929798734e-01
4.585578869206e-01,5.026722153692e-01,-1.756195262802e+00,4.170652729815e-01,6.469960120867e-01
-4.768045563712e-01,-4.818716165900e-01,-3.236694775913e-01,1.037769108206e-01,-1.644078906758e+00
-3.348282978258e-01,-1.557869723114e-01,6.761391835811e-01,5.384787955940e-01,-3.318881281028e-01
7.822489800951e-01,-5.682654215177e-01,-8.755005112841e-01,-1.690336759184e-01,8.924845093605e-01
2.555508940249e+00,3.637980865442e-01,-4.537203911514e-02,-6.414325581830e-01,-7.559750137649e-01
6.505259974762e-02,-2.699632843265e-01,4.362897887383e-01,8.058100674432e-01,-2.512385548531e+00
6.969666177727e-02,-1.236999305777e+00,7.887223686587e-01,-4.365731603841e-01,-8.135955275426e-01
2.480114747657e-01,-3.100753431509e-01,8.620291108695e-01,2.150616326378e+00,-1.384637823664e+00
6.631033698615e-01,1.195674271706e-01,-2.021159899423e-01,6.660851325470e-01,2.935919028323e-01
3.683788208317e-01,1.830286007989e+00,-1.163209721403e-01,3.496061963786e-01,-1.113902630650e-01
1.616158477631e+00,1.454402285288e+00,2.989770696133e-02,6.094924354976e-01,4.034180412395e-01
-6.416603972544e-01,-1.559456918388e-01,-1.862846945290e+00,-1.130488214155e+00,-8.671787749909e-01
-1.327326504712e-02,-1.294751238825e+00,8.858746096555e-01,3.032258068567e-01,-1.399346414710e+00
-7.795322759114e-01,7.563827222147e-01,1.917220750753e+00,-1.161991989450e+00,2.311088861663e-01
2.521422780671e-01,3.318164440902e-01,-1.239006237297e+00,-2.817152247010e-01,-9.670418201086e-02
1.884143740557e-02,8.130014129060e-01,-5.734191473214e-02,-1.364904268514e+00,-5.144546955672e-01
-8.806933381041e-04,-8.421293597087e-01,4.688048738883e-01,-4.900982991001e-01,-2.244499307337e-01
5.034491327547e-01,-5.710215656349e-01,7.860117344010e-01,-7.469839343852e-01,-8.512904118467e-01
-2.957349542339e-02,-5.990629668363e-01,4.283759247075e-01,-9.401592536366e-01,-1.512568529977e+00
-1.480581422232e+00,1.000195803635e+00,4.890886473774e-01,-1.006374724168e+00,-4.568751073916e-02
-2.306819822912e-01,6.143262355745e-01,-6.953885900907e-02,-4.955414607621e-01,-7.175738796501e-01
5.192521745410e-01,6.469331507931e-01,-1.783185380981e-01,6.089761344378e-01,-9.890089254826e-01
-1.372511298068e+00,5.444831946760e-01,-1.162628691307e+00,4.730938449388e-01,-2.173013577452e+00
-7.531438827920e-01,-1.843069105731e+00,-1.462898102879e-01,1.206053716498e+00,1.293897059639e+00
-9.560388222608e-01,-1.906705676921e-01,-8.308456856574e-04,1.067408614882e+00,8.001319519218e-01
1.074757415060e+00,-8.610636569415e-01,-1.040999739771e+00,-1.094134730460e+00,1.635211884271e+00
-1.936236074284e+00,-1.550310295221e-01,-5.411211679718e-02,-1.424014629971e-01,-9.773047681832e-01
8.908840172773e-01,2.247522420681e-01,6.903620481766e-01,-4.578482766579e-01,-1.663028528923e-01
-6.192767892581e-01,-1.493003963888e+00,-1.237367801205e+00,9.231753989767e-02,4.645125648638e-01
-5.386969124116e-01,4.793896171470e-01,-4.666183489606e-01,-7.494407014526e-01,2.485733175887e-01
-2.746337120691e-01,3.220631606908e-01,-4.052992734738e-01,1.195376096308e+00,1.337739099711e+00
-7.947049501675e-02,6.278478616960e-02,-7.708347693774e-02,-9.655121916375e-01,7.541431710086e-01
7.711479440172e-01,-5.047688015614e-01,6.072237604312e-01,1.238301178402e+00,-6.221598898045e-01
-1.057762362481e+00,1.578167419107e+00,8.610130228779e-01,-5.635577061312e-01,-1.673963820342e+00
5.601984981714e-01,-9.989589820224e-02,-4.106236840123e-01,-7.200854658446e-01,-2.096382946149e-01
-7.158356705847e-01,3.346642106785e-02,1.814196455327e+00,-7.780224451913e-01,3.638648262993e-01
-2.077118449514e-01,6.738309666781e-01,-6.588256640257e-02,-1.390948075180e-01,-7.509131572646e-01
-3.413220183731e+00,-2.280996920590e-01,1.457730996046e+00,-3.919512120589e-01,-5.325531189710e-01
3.678117719944e-01,-5.085503545535e-01,-1.539269851003e+00,3.451188870777e-03,-1.266264239704e+00
-3.553176065593e-02,1.823936804522e-01,1.642330751438e+00,6.535140449911e-02,4.161987252464e-01
-5.693320170076e-01,-7.243556631137e-01,4.599289270761e-01,1.057068074587e+00,-8.542583844071e-01
-5.699060063815e-01,-9.193788796972e-01,7.578084508448e-02,-6.774240668369e-01,3.696452305356e-01
-6.854312099843e-01,-1.332368753908e+00,1.424057294884e-02,9.133496359354e-01,-1.350354124912e+00
5.272785336022e-01,-1.652060487441e+00,-1.365239410902e+00,3.421370786362e-01,-6.659533215908e-02
5.040314668691e-01,-1.242006130335e+00,6.970566304537e-01,-2.964914194270e-01,-4.555649942742e-01
1.347950372622e+00,-1.004954116911e+00,3.652752988080e-03,-8.960171604369e-01,-5.920936348794e-02
-1.496404838918e+00,3.159599021658e-01,1.276754711686e+00,4.561152943643e-01,-1.337479920990e+00
1.146110013443e-01,-1.493141455016e+00,1.235040493668e+00,8.108572541291e-01,-6.684425389347e-01
-1.810060522552e+00,-6.210425597385e-01,-3.456237792916e-01,1.821863317565e-02,-4.014853956448e-01
-1.196123655685e+00,2.150702734485e-01,1.062743723122e+00,1.118774979260e+00,-1.370293986915e+00
-7.720235720108e-01,4.978940398438e-01,2.240384175109e+00,2.182851038694e+00,5.616678143047e-01
7.684782902470e-01,-1.134322612857e+00,1.708493745100e+00,-7.322910781591e-01,1.402455651745e+00
1.628241001391e-01,9.942295495978e-01,-1.747071741427e+00,1.286517882819e-01,-8.542543770079e-01
6.221086518458e-01,4.826583023016e-01,1.420837245616e-01,1.456334295118e+00,4.729886115701e-01
-1.213136028833e+00,8.689942512078e-01,2.858841513972e+00,3.053998486253e-01,-7.420688575305e-01
3.423104931578e-01,3.124596773397e-02,3.709142078319e-01,5.262157500318e-01,-8.430764435920e-02
-7.067218028484e-01,-1.202423231024e+00,-9.743806114423e-01,-1.943904877031e+00,1.223340194969e+00
-1.011896747831e+00,-7.151291951217e-01,6.444641425819e-01,2.755390876940e-01,1.892939855541e+00
1.044176149292e-01,1.888150901983e+00,-3.463382733539e-01,1.158169973143e+00,-1.514611539862e+00
-1.680652555728e+00,-1.355481881623e+00,-6.445430416294e-02,3.141729661475e-01,-2.904440884364e-01
7.021373501651e-01,3.940425291688e-01,-1.215721546720e+00,1.137373003499e+00,3.008012721584e-01
1.464568391202e+00,-4.967088788243e-01,3.399486583559e-01,6.460101499858e-02,6.170429696166e-01
-1.380591395929e+00,7.087820120164e-01,1.375563365705e+00,-7.079859334926e-01,1.023584973676e+00
-5.446557122764e-01,1.371776429951e+00,9.908473428882e-01,-3.528391904789e-01,-9.763918834364e-01
-5.306205065169e-01,8.535574782559e-01,-1.080574401017e+00,-4.363068793225e-01,1.139810101066e+00
1.926935649122e+00,1.849817404533e+00,7.440006288343e-01,-3.541178412760e-01,5.144590830453e-01
-1.057438032150e-02,8.280073805252e-01,6.561321210834e-01,8.594240885196e-02,-1.878378480001e+00
-1.811332731877e+00,-2.573937229580e-01,4.317864813290e-01,-8.587352825630e-01,5.292736333538e-02
5.593174912155e-01,-1.294625663435e+00,9.759525764598e-01,-1.622836874975e+00,8.817557021398e-01
4.273923242697e-01,1.622597823208e+00,1.340596361095e-01,-2.674919868055e-01,1.296181520572e+00
-6.109827308258e-03,-3.099371033081e-01,2.065803561936e-01,3.601819577897e-01,2.736305931916e+00
1.162679548167e+00,-8.666268313567e-01,-1.354508477525e+00,5.173848081934e-01,-1.000504958560e+00
7.360577066004e-01,-1.090918044571e+00,-9.170100431800e-01,-3.051930081006e-01,6.962024011390e-01
2.318058014246e+00,-3.218051665702e-01,8.478763094703e-02,-4.837479831714e-02,5.160205796504e-01
5.834585592708e-01,6.602398479836e-01,1.500541430939e+00,-3.946093327343e-01,-5.480699497741e-02
2.246187922004e-01,-3.294895240237e-01,1.702049850949e+00,7.182545909037e-01,4.613655746054e-01
-1.402700003612e+00,-7.861119791821e-01,8.607609585857e-02,1.173931797653e+00,5.534587695051e-01
-9.376339790493e-01,8.131455012945e-01,4.182526489808e-01,1.472337548131e-01,5.244921865274e-01
6.365136920754e-02,1.203514379062e+00,-2.001007194335e+00,-2.057835006168e-01,8.866954991121e-01
1.640838832296e+00,1.576945679165e+00,9.610574985894e-01,-1.051084603899e-01,1.048983166736e+00
2.135157057327e+00,-2.262285930349e+00,-3.278488299263e-01,-9.700044213731e-01,-5.545685173675e-02
-4.586296507330e-01,3.596441738108e-01,2.759460381596e-01,-7.400961086814e-01,-3.434020470315e-01
-6.441617283564e-02,1.335641047970e+00,-5.526012877868e-02,1.220362824569e-01,-9.911621250101e-02
-9.398405596049e-01,-1.611610086435e+00,-7.681282465118e-02,5.794296248496e-02,-5.295853289154e-03
3.079393526767e-01,-1.563509520527e+00,7.004149744880e-01,-1.982985985433e+00,-8.648870539967e-01
-2.821175095201e-01,1.019692571203e+00,-9.379481071455e-01,5.457889259392e-02,1.315612809644e-01
1.066608479706e-01,-1.868223559315e+00,-1.291520030122e+00,-9.637311512425e-02,1.846687186907e+00
3.998370136877e-01,1.079265250737e+00,-9.282915354407e-01,-6.785812532885e-01,4.148973671793e-01
-2.225585213658e+00,2.032029115494e-01,-4.523942987839e-01,-2.728475582919e-01,-2.097810889471e-01
-5.737530574621e-01,-5.979019931996e-01,7.810056423239e-01,-9.979737617209e-01,1.080709527160e+00
4.708806365696e-01,7.128825859050e-01,2.830374821862e-01,-4.090616329125e-01,2.175251083502e-01
2.604587502993e-03,-6.631678814111e-01,5.192237434627e-01,2.031994774318e+00,-7.030486932010e-01
1.286921364630e-01,5.691131876641e-01,5.338581741178e-01,9.160243495352e-02,-6.567406394847e-02
-2.598374016907e+00,3.486847226818e-01,3.910773348881e-01,-5.169857746424e-01,-9.431776247184e-01
2.923161028164e-01,3.690329068840e-01,4.216912678796e-02,2.752239871307e-01,-2.713449167819e-01
-3.177107747927e-01,-2.185755553610e+00,-9.984826576609e-02,6.081035044072e-01,-3.140752728264e-01
-3.291128466939e+00,-1.910272764055e-01,-4.819801776571e-01,6.828659305121e-01,-2.284033698515e+00
3.936854637605e-01,2.145192854250e+00,-9.464324915893e-01,1.449498337047e+00,-4.017245904004e-02
-1.070539394984e+00,8.619921499684e-01,1.193778613064e+00,-9.177463000470e-01,1.868909665776e-01
-2.670979177579e-01,3.492746195374e-02,-9.629398442881e-01,1.272500616344e+00,-5.160283199796e-01
-8.976062811086e-01,1.262300347262e+00,2.499870224693e-01,-4.555814973201e-01,-3.234592457051e-01
1.763605434735e+00,-1.158355374541e+00,7.271981536227e-02,1.159894015795e+00,-8.941037350594e-01
-1.129203192924e+00,-2.903037508923e-01,2.384611545723e-01,-7.043562942608e-02,7.618599996199e-01
2.771386472111e-01,5.853121047564e-02,-1.958394053556e+00,-9.731077182353e-01,1.388130721772e+00
1.412656293415e+00,-1.245835653026e-01,9.115088127682e-01,-3.378009537081e-01,-1.552026435069e+00
2.513326421680e-01,-2.067884800517e+00,5.723860514704e-01,-8.401637376151e-01,1.724286140336e+00
1.907713365593e-01,-1.057492754262e+00,-5.344687802881e-01,5.388135991810e-01,1.222402982811e-01
4.125427595408e-01,-5.070788967306e-01,3.277903820027e-01,2.062714317928e-01,1.155787499785e+00
-2.889546737236e+00,-6.994088435032e-01,5.160212749217e-01,6.635961112596e-01,-6.388806226085e-01
-2.860362432311e-01,5.783852439595e-01,1.113479757056e-02,-2.268434634610e+00,-4.487411204453e-02
5.084522495744e-01,2.989000784674e-01,4.654148117843e-01,-2.225766399647e+00,-5.976259977861e-01
-6.102933540536e-01,1.649663450264e-01,-2.121754547570e-01,2.155155817220e+00,-1.573391209078e-01
-2.307652192836e-01,-3.700701216879e-03,-2.091056945239e-01,-9.965752054412e-01,-7.672933680666e-01
-2.097756077507e+00,-1.040270309674e+00,1.551564670700e+00,-4.951545740116e-01,4.355973689078e-01
5.676835476695e-01,1.224708000612e+00,7.365539956084e-02,-4.440575419845e-01,1.729286295902e+00
-1.166058512960e+00,-5.805004998159e-01,3.790307317720e-01,2.171730445453e+00,2.234400100182e+00
-1.178340487103e+00,4.036934773187e-01,-7.449438003556e-01,-1.158874349651e-01,-9.373630937710e-01
-8.072445650286e-01,-3.756848604835e-01,3.972078557054e-01,-9.902394948877e-01,2.942576289382e-01
-3.498341518054e-01,2.153930396548e+00,-2.149267799830e+00,-9.965104553992e-01,-4.213831405000e-02
3.848853826220e-01,-1.150638326585e+00,-6.952294389883e-01,-1.489277343518e+00,-7.201007181407e-01
-1.535162473557e-01,1.865706884047e-01,-6.705714057151e-01,1.208683805246e+00,-1.640161275932e+00
7.758878739514e-01,-9.319646631445e-01,-1.713624520775e+00,2.983992633561e-01,-1.289074744680e+00
-5.313660995903e-01,5.450816330830e-01,-1.413062033284e+00,2.748314800816e-01,5.633524837160e-01
-2.206111323956e-01,1.768976647300e+00,1.316353924685e-01,-8.868670759378e-01,4.109346255132e-02
-9.823902406249e-02,-4.606590797541e-01,-2.417532517393e-01,9.137840637011e-01,3.712309361606e-01
7.513326269932e-01,-1.572048329544e+00,-9.901462523951e-01,-9.722991758109e-01,-1.158471796737e+00
1.202799881288e+00,6.181227522645e-01,9.115842775725e-01,-5.519962728278e-01,1.568509847145e+00
1.782459573435e+00,-1.767792731855e-01,8.834544166142e-01,7.523585274843e-01,-1.829428893862e-01
1.445910202779e+00,9.889070808189e-02,3.747111960081e-01,-1.040336593333e+00,1.265410778337e+00
-2.710253446679e-01,-2.544038902858e-01,-1.605905759927e+00,9.294266007979e-01,-2.475887449374e-01
-5.930679699182e-01,-2.535597154450e-01,-5.859281855507e-01,3.128884992799e-01,6.620306884309e-01
-5.413112191088e-02,-6.622496269822e-01,-2.854786178154e+00,-7.652177839071e-01,-1.997861118182e-02
-1.116459594376e-02,-1.287820857135e+00,-4.611218026821e-01,1.894720679970e-01,1.264106279103e-01
5.460469506568e-01,-1.498257129715e+00,-1.424026835479e-01,-3.605675385221e-02,-1.061535991165e+00
-1.021192815516e+00,2.133163315749e+00,-2.613056914932e-01,3.253547057095e-01,1.827738489802e-01
7.226273933656e-01,2.002117771718e+00,6.961784506634e-01,1.130291246724e+00,-9.970861504749e-01
4.067267246545e-01,-1.102575738195e+00,1.374327357354e+00,-2.486115240202e-01,1.041366452512e+00
-1.322059702243e+00,7.766955992561e-01,-4.565015519935e-01,4.700057470662e-01,-2.182205564670e+00
-9.378690362350e-01,8.234846950956e-04,-3.842792387238e-01,-6.633156243321e-01,8.032748614595e-01
-1.307393477393e+00,-1.248823334777e+00,8.295142204380e-01,-3.716688787717e-01,-3.411619485783e-01
8.251005623614e-01,-2.130710364280e-01,-9.308057951229e-01,-1.628072552641e-01,5.366093806184e-01
7.504359202230e-01,-1.123234352236e+00,7.395654731496e-01,2.223266398843e-01,-4.606573281692e-01
7.079274573951e-01,3.173694265840e+00,-1.328421575355e-01,8.734775256401e-02,6.278419308571e-01
1.509968428727e+00,5.999712918112e-01,5.721427750850e-01,-1.099796026698e+00,9.691436656931e-01
1.491610885056e+00,-6.842258801654e-02,-9.604616304587e-01,-3.003488087050e-01,-1.091387126669e-01
-1.323501026834e+00,1.795417739349e-01,-1.814095802420e-01,-1.561565871368e+00,-1.758098336030e+00
1.329717900980e+00,-1.098939032885e+00,-3.961499576504e-01,1.343473354555e+00,4.223140678756e-02
1.286086208039e+00,9.906344535353e-01,-6.321267289194e-01,-9.949734930255e-01,3.653189127527e-01
-1.053271490029e+00,1.808204637751e+00,2.330538098011e+00,2.375032336777e+00,5.580610129710e-01
-1.934232636741e+00,-1.741151480952e-02,3.183149599485e-02,7.195672411656e-01,3.854744957134e-01
-8.897268156560e-01,-1.223376109348e+00,5.954179041472e-01,5.749332075398e-02,9.653830952561e-01
1.173981893004e-01,1.493387910697e+00,-1.427711296678e-01,9.962933593944e-01,-1.810327181221e-01
1.898766360569e+00,-1.024957587771e+00,3.793770968013e-01,-2.266296812771e-01,6.138199428663e-01
9.510376138704e-01,-6.289048819073e-01,-1.528752881399e+00,3.540237842222e-01,4.745721408401e-01
-1.525263645075e+00,-2.697750872065e-01,2.407261475044e-01,-1.835491301848e+00,-1.570890442492e+00
-1.570901386232e-01,-5.112817836566e-01,-4.511634851919e-01,-8.408264724424e-01,-8.685712661352e-01
1.480261986836e+00,6.096351270990e-01,7.743811427589e-01,9.633517871306e-01,4.448895973060e-01
1.131477268870e-01,-1.149261325903e+00,-1.657334905105e+00,-3.057767002415e-01,1.958786521420e+00
-2.605885195453e-01,-1.782475067318e+00,-1.909899099168e-01,1.117157602533e+00,-8.294105139108e-01
1.259249202871e+00,-2.287062073403e-01,-1.012046661007e+00,-1.730597269819e+00,-5.361621826250e-01
-1.914399579801e+00,7.645805153187e-01,-1.446522992979e+00,-7.024392380592e-01,3.207183261769e-01
-9.477283540609e-01,1.459922695309e+00,2.356336279050e+00,-1.113058218826e+00,4.263869818708e-01
-2.300076646677e+00,1.157988189733e+00,2.407438582042e-01,2.674828764420e-01,-4.741394332045e-01
-1.250340092188e+00,2.125892567713e+00,-4.180740974794e-01,4.429442003084e-01,-1.042201742217e-01
-1.801289652643e+00,-1.940209361316e-02,5.520603089905e-01,2.336948174526e-01,8.240115250495e-01
2.024776749597e-01,-1.080275188592e-01,1.741379298272e+00,-5.957222803680e-01,9.548665309545e-01
1.238144731132e+00,1.417701734171e+00,2.793927203462e-01,-8.863609874976e-01,-1.989767741661e+00
-5.672548614899e-01,-3.699062811971e-01,3.739281147295e-01,2.036293661398e-01,4.824831302638e-02
2.344240153726e-01,-1.018767307107e+00,2.262216100272e-01,4.937333007389e-01,-2.150369192504e-01
3.816585959768e-01,2.488676628997e-01,-6.779199849512e-01,-2.290792114337e+00,2.086975908025e-01
-5.249352959672e-02,-4.661980532656e-01,1.086112400392e+00,2.506057593998e-01,-2.550654725449e-01
-6.553694298294e-01,1.208023235309e+00,2.424870934575e-01,-3.533079133458e-01,-4.059532901533e-01
1.850456364520e-01,-2.922395201373e-01,-1.441887621670e-01,9.740348929039e-01,5.135342276507e-01
-3.926389272991e-01,4.532153174651e-01,8.171093529415e-01,-1.502671270553e-01,-1.059531077497e+00
8.618711144709e-01,-1.297975880039e+00,1.049968789626e+00,8.813084965341e-01,-1.183552678149e+00
3.400035444487e-01,-4.493890029320e-01,-1.209055882869e+00,2.101061522763e-01,7.152065125241e-02
2.767621662388e-01,6.490028556046e-03,3.062084845279e-02,7.377508043639e-01,7.486509885625e-02
-3.613583552455e-02,8.637958329603e-01,2.149964432801e-01,-1.380738557380e-01,6.190054527923e-02
1.052832477083e+00,1.310903724130e+00,-1.674191509621e-01,3.386560802357e-01,-3.364798440327e-01
3.383921320963e-01,-5.452405937956e-01,4.374028232063e-01,-7.319882526791e-01,-6.668339837758e-01
5.782139593685e-01,-4.506076158085e-01,2.291552530117e+00,-4.659048681841e-01,-1.144341803457e+00
-1.035533460766e+00,3.981647469563e-01,4.330641138247e-01,-5.810144428408e-01,-2.407419861359e-01
6.369340670928e-01,6.069895544611e-01,4.821489019409e-01,4.449327895851e-01,2.338878189509e-01
9.835982079906e-01,-1.128680070278e+00,-9.176113814253e-01,1.830128499782e+00,-6.558136809654e-01
2.137643269725e+00,1.339335326974e+00,1.153625774434e-01,-2.769212878535e-01,3.733316281863e-01
7.458877879458e-01,-5.991523449891e-01,6.985169089251e-01,9.066611581825e-01,2.546347586968e-02
6.941752398296e-01,1.190555079305e+00,-6.914532482637e-01,-6.117712319443e-01,8.121766626197e-01
-1.540214119768e+00,-6.680855575342e-01,2.532686732599e-01,-3.795095126123e-01,1.069208221201e+00
1.357880235446e+00,-1.262921448206e+00,-6.205204420670e-01,1.305495296969e-01,1.156309079135e+00
1.321690573765e+00,5.546960127172e-01,-1.424008022542e+00,3.652471356932e-01,-8.955915723583e-01
-1.406255191086e-01,-7.074015621752e-01,-1.195818423324e+00,-9.517471559394e-01,9.835409184118e-01
1.621201127212e-01,-1.338434896660e+00,5.012394614130e-01,-1.003365177073e+00,-1.142632006546e+00
-8.365436069534e-01,1.041053010581e+00,-5.610023041075e-01,-1.026312091244e+00,4.651645073288e-01
6.598976778667e-01,-7.681333894484e-02,-5.266632569129e-01,-2.030897392889e+00,1.627197556337e+00
-5.095482073660e-02,2.671216418368e-01,-1.794820241525e-01,-2.286703016983e-01,1.366038838108e+00
5.226385627753e-01,-1.377371694260e-01,7.140281779708e-01,-6.589416497250e-01,3.348757531715e-01
1.243872204675e+00,4.293091052307e-01,-2.780852217660e-01,-7.000174020810e-01,-2.888963350145e-02
-9.848583956654e-01,-1.849026558499e+00,-9.893830045786e-01,-1.081324604555e+00,9.284218386317e-01
-1.788029431311e+00,-4.009724576705e-01,8.113277503798e-01,1.163015917661e+00,1.093846161663e+00
-1.449993991868e-01,2.860009809088e-01,-1.088847954924e+00,8.976873294001e-03,-1.091994695470e+00
2.514511616308e-01,1.049173498540e+00,-2.225715788965e-01,-2.519255070621e-01,2.512602403417e-01
1.575924574195e+00,-2.615948271307e-01,-2.595954325145e+00,1.381838216770e-01,1.319268085036e+00
-5.330989483777e-01,-2.071457431259e+00,-5.574067218565e-01,-1.833957946328e+00,3.899563696908e-01
9.749851798374e-01,-1.616167676314e+00,1.410939799693e+00,8.695110260022e-02,1.912493120656e-01
-5.066361791303e-01,9.665048540577e-01,-2.724702699157e-01,1.440084814952e+00,1.076814116518e+00
1.172047558923e+00,-6.625375365873e-01,1.535401818014e-01,-1.275721630246e-01,-3.953122512305e-01
-1.655238517531e+00,1.519425924149e+00,1.705921783747e+00,8.068849849179e-01,-4.210710411619e-01
-2.440139122928e-01,-5.930123185980e-01,-1.446670664366e+00,-9.433396493184e-02,1.427188013735e+00
5.971414996243e-01,-2.470180886346e-01,-3.804021170180e-01,3.303138315619e-01,-1.248324259090e+00
-1.110759618898e+00,8.260711944768e-01,-1.103433025249e-01,2.056655155241e-01,1.986641446709e-01
2.777798519883e+00,-1.237021783453e+00,-1.090890180986e+00,-5.389047803949e-01,1.551346201795e-01
-1.163550287260e+00,-1.069632084736e+00,2.428094846421e-01,-2.122437885624e-01,4.681642421719e-01
-2.068729825524e+00,7.753568062274e-02,5.985379654726e-01,-1.318449555586e+00,-2.191630418506e-01
-6.881117238584e-01,-9.904075612587e-01,-3.013613407975e-01,8.733153710979e-01,-4.581079915890e-01
-2.141459037295e+00,7.457713411363e-02,1.251901715482e+00,-8.054530594785e-01,4.156570103143e-01
-3.683988882444e-02,8.989660830388e-01,1.470475503256e+00,-7.212672911903e-01,1.114342867922e+00
1.920574651817e-01,-5.175878722237e-01,-4.238987227193e-01,9.790055742629e-01,-2.661549937415e-02
-1.559953562594e+00,-3.679542145903e-02,5.447967906919e-01,-8.757882994423e-01,1.062184882748e-01
7.474708743465e-03,-1.282242285018e+00,-1.036423474396e+00,-3.356589591338e-01,-6.120194720596e-01
-7.342691054435e-02,-2.318088825494e+00,3.850077695981e-01,-2.174952162696e-01,-7.845481372895e-02
-5.308330335703e-01,-1.566402885721e+00,-1.201807828170e+00,-8.986545922511e-02,3.569231337063e-02
2.227517815006e-01,-1.102999689599e+00,-1.558403447955e+00,1.172228751459e+00,6.932116397820e-01
-7.161854013142e-01,-9.123442228059e-01,-2.673908498284e-01,2.883397005888e-01,-2.000568205559e-01
9.380775890762e-01,3.287174485836e-01,1.015169750775e-01,-1.589438987800e+00,-3.641774308139e-01
6.829975755964e-01,1.648343973060e+00,7.188083029579e-01,-1.138102564011e+00,1.265818532225e+00
-2.489923436575e-01,2.377653873821e-01,-1.494925114627e+00,-3.299104777394e-01,-6.482937964568e-01
8.372046739546e-01,2.336729222913e+00,9.147873572415e-01,1.242370250101e+00,-2.617586164610e-01
-3.988039072522e-01,6.502235677984e-01,4.052848784215e-01,-1.154340423331e+00,2.666553294310e-01
-2.019490553858e+00,1.231814383288e+00,2.378371163243e+00,-1.472108280086e+00,2.324110533740e-01
-1.276476506038e-01,1.710993199044e+00,-9.779471523960e-01,6.169629004079e-01,3.003307249812e-01
-1.183788041589e+00,8.176611850492e-01,8.439162514994e-01,4.794909722954e-01,1.507444815225e-01
-8.085650692386e-01,-2.868174244578e-01,-1.600023560315e+00,-3.507808429479e-02,3.746293298604e-02
8.107614802550e-01,1.129759345997e+00,-5.074114808628e-02,-6.349089392202e-01,-1.375249332584e+00
-3.173261507889e-01,2.982734504762e+00,3.775481891112e-01,-1.373472684420e+00,-1.390119653872e+00
-1.059584933825e+00,4.452885731084e-01,7.149738745380e-01,3.033685868381e-01,1.111103765788e+00
1.093717527156e+00,9.171855051271e-01,-1.327472007285e+00,4.233413682970e-01,-7.796628715015e-01
-1.976919102866e+00,-2.016458911148e-01,-2.230977112620e-01,-7.137712862491e-01,2.176113317884e-01
1.134098860856e+00,-1.489887254881e+00,-2.328558237528e+00,4.487609846838e-03,2.939071181562e+00
4.737644113805e-01,3.441729979983e-01,-2.149643766931e+00,-8.320261845304e-02,6.118741155686e-01
1.358933008104e+00,8.756110629143e-01,-1.979729895544e+00,-1.455752536467e+00,2.284554507874e-01
5.959983041556e-01,-6.568584728709e-01,1.457685533859e+00,4.656317732584e-01,-3.639013917552e-01
2.085170235001e-01,1.903771014651e+00,1.720135376438e+00,9.947093065147e-01,-1.344792335998e+00
-1.583571962566e+00,1.390761850545e-01,-5.115104863822e-01,2.467815694367e-01,-9.173699116267e-02
1.449343267465e+00,-2.471238746473e+00,9.472223696912e-01,-4.767202657491e-01,6.209445385691e-01
2.513839607581e-01,-3.708479989747e-03,-1.623354495398e-01,3.121191709531e-01,-8.147459045778e-01
8.886158092017e-01,5.281131901092e-01,1.347622398745e+00,7.899944092820e-01,1.251279858013e+00
1.640841726076e+00,2.534825002968e-02,-2.995707887046e-01,7.019260643504e-01,5.023558422791e-01
1.725801199484e-01,5.880905362709e-01,2.549094427826e+00,1.770604576195e+00,-7.956538954779e-01
-1.163637368758e+00,-1.647925112788e+00,-9.185062589630e-01,-1.387455412346e-01,-8.376744676027e-01
8.451143232031e-01,-7.475249936594e-01,1.805898504775e+00,1.192742649097e+00,-1.435510553566e+00
7.538044212247e-01,8.986688447033e-01,-1.678855309718e+00,1.396830610082e+00,-1.179453363919e+00
-8.295744783057e-02,-8.034075251722e-01,-7.311228871137e-01,5.955061275139e-01,4.896505630910e-01
-7.979425935377e-01,-2.092151522104e+00,7.166132067314e-01,-1.079103490867e-01,-7.504100777771e-01
6.676177024672e-01,-6.071454547668e-01,-4.462141339315e-01,1.284138864145e+00,2.821265079988e-01
3.101150391865e-03,1.513014944688e+00,3.625841120162e-01,2.888318332751e-01,-2.131665307029e-01
6.644985005207e-01,-8.325932469469e-01,-1.160935005859e+00,2.137497394967e+00,-1.690973677654e-01
-1.502636284931e+00,9.352426380142e-01,-2.616691436955e-01,-1.493446582859e+00,9.568346008140e-01
-1.590277518223e+00,-1.224125743400e-01,6.589717951835e-01,-2.150851522184e-01,-1.837015844325e-01
6.297515464767e-01,-1.424266587376e+00,-3.733151709182e-01,-5.918050105652e-01,1.759865090683e+00
7.167554648990e-01,1.772575884861e+00,-5.970399669780e-01,-6.157027451882e-02,-9.746610774963e-01
1.797193824044e+00,4.383201643264e-01,9.157394058266e-01,-9.533141215429e-02,-3.193509276555e-01
1.362574577375e+00,-8.868887971024e-02,-4.565895359999e-01,-1.202809020340e+00,-5.583898277925e-01
-9.655168192234e-01,-2.497255128572e+00,-2.037587893335e+00,-1.302920471216e+00,-1.538041712705e+00
-3.663173411180e-01,-4.095792220336e-02,8.843964751701e-01,-9.083774988781e-01,-3.517807741774e-01
-9.288999326437e-01,-1.720003044571e-01,-1.129026062117e-01,7.968089591482e-01,1.573706164378e+00
-5.722742181671e-01,-7.098251547127e-01,-1.427158997978e-01,1.005951933462e+00,4.800896393421e-01
-1.458105321076e+00,8.951139822048e-01,-2.331353443900e+00,-1.708466858920e+00,-1.037595970284e-01
-4.966752263177e-01,-5.290284909514e-01,-1.729954927311e+00,-9.511826669404e-01,-4.884567446280e-02
8.892637860387e-02,-2.002561525788e+00,-6.573230400404e-01,-1.080718794425e-01,1.495802217149e+00
7.378570298342e-01,1.273792512136e+00,-2.015728696141e-01,-9.266290091154e-01,-1.290930501061e+00
9.081919895151e-01,3.047736454910e-01,4.435664217915e-02,1.531335334414e+00,3.869190988273e-01
1.819695956143e+00,8.615937461148e-01,4.193117365591e-01,5.788013134238e-01,-1.645426650054e+00
-2.566436043019e-01,3.886724233385e-01,7.190171692819e-01,-9.188382242772e-02,-1.108111863688e+00
-2.827586384557e-01,-2.613910935282e-01,3.662333031196e-01,2.527168567745e-01,1.281869681169e+00
-6.267956583821e-01,-4.348285106864e-01,3.933105488330e-01,-1.485258412492e+00,-7.079225450325e-02
-1.654924897879e+00,-8.861395916448e-01,1.073195678148e+00,-1.702968625229e+00,-1.794341977089e+00
6.152970530232e-01,6.253801574846e-01,-2.275028749167e-01,1.379285271207e+00,1.005932324564e+00
-8.443447730255e-01,-1.976183801018e-01,-6.379227818777e-01,-1.547543918554e+00,4.060508888635e-01
3.260435574280e-02,8.296010518658e-01,2.973325490481e-01,3.358336405930e-01,-7.581830617456e-01
1.447482330047e-01,-9.171158081751e-01,-1.304321627840e+00,2.997748227493e-01,-2.289388580015e+00
2.146587637729e-01,-1.370275148476e+00,2.399292185157e-01,2.118878383874e+00,1.467248681675e+00
1.087200552768e-02,-3.503291338149e-02,1.720974989003e+00,1.540286053556e+00,-4.364496251045e-01
-2.731375676288e-01,1.259330812474e+00,4.545837354047e-01,-1.138636210245e+00,-1.407710486989e+00
-3.126748872691e-01,1.011022148259e+00,-1.404258477357e+00,8.619352639623e-01,1.342025829359e+00
9.726006707689e-01,2.076526367085e-01,-5.626402173164e-01,-1.155133066174e+00,-3.533869177158e-01
-1.903773077816e+00,8.273418411108e-01,-1.647553621146e+00,4.479023077399e-02,6.425598047101e-02
-2.822310828909e-01,1.693358913792e+00,-1.272837067449e-01,2.559791241065e-01,8.086257393614e-01
-1.154775567916e+00,6.782799822360e-01,-1.354274301723e+00,3.929748009499e-01,6.032960236063e-01
-7.272620875219e-01,1.116271110091e+00,-1.178301589099e+00,-1.590504859755e+00,-1.006154079362e+00
-7.639703723255e-01,-1.465004025680e+00,1.523980887182e+00,-7.844338702370e-01,2.009728495313e-01
1.830633481997e+00,4.448905681950e-01,-1.218810348206e+00,1.058191618105e+00,-9.925718386469e-01
-8.277417403761e-01,-1.289277356587e+00,1.404486591656e+00,-4.991271747034e-01,8.518512531579e-01
-4.403724384263e-02,5.475836350977e-01,1.456401780257e+00,8.063905864201e-01,1.820734220291e-01
7.389670311290e-01,-8.557138803628e-01,-3.315868834649e-01,1.786940708021e-01,-8.737964081419e-01
-4.850411923581e-01,5.920072971421e-01,1.414891083768e+00,-1.691263515061e+00,2.122015351575e+00
-4.179335019205e-02,-1.142377999482e+00,-7.850357205003e-01,-4.192281262393e-01,1.508045709279e+00
-6.912428213028e-01,1.497873345226e+00,4.324141789489e-01,-9.948309845161e-01,7.056786544824e-01
-6.469108437528e-01,-6.155754082932e-01,7.134505950449e-01,-2.406491211179e+00,-1.282311655934e+00
6.518654809140e-01,2.258980902327e+00,1.540301070700e+00,1.435144401364e+00,-1.624664932997e+00
4.309301432175e-01,1.316842921929e+00,-5.308790727416e-02,-3.147865126396e+00,-7.271975774620e-01
1.942064780805e+00,-1.802544525069e+00,1.096732808006e+00,-4.735858938665e-01,2.293070933706e-01
7.414780305560e-01,-7.828498722279e-01,-3.482122180746e-01,4.043538170905e-01,-5.787257396340e-01
6.335371689428e-01,5.613233251407e-01,5.518255572297e-01,1.499682433551e+00,4.741376228574e-01
4.479435412518e-01,-5.628822935355e-01,5.343348089863e-01,-6.591887527212e-01,-1.460751612872e-01
2.110047005686e-01,1.660623281964e-01,-1.205053605299e-01,7.965084954822e-02,9.442782762503e-01
-4.392892475903e-01,1.128440683941e+00,-4.478149310275e-01,-1.601216452329e+00,6.069193451125e-01
-1.977966569388e-01,3.008441421002e-01,-1.114342620245e+00,2.595706747766e-01,1.048423206896e-01
-2.807198819296e-01,-5.691335960090e-01,-1.113342117658e+00,5.806735720766e-01,-3.590814494991e-01
-3.372970769084e-01,3.685584598404e-01,-7.833300654896e-01,-5.016055327509e-01,1.189000217916e+00
1.631777723505e-01,-4.296618515684e-01,1.570332237652e+00,-1.324066051049e+00,5.185954514938e-01
-1.134047154821e+00,-2.929314288610e-03,9.248176531968e-01,2.078149317568e-01,9.688217466430e-01
3.777190867964e-01,-1.732105993408e+00,-4.448906088733e-01,8.833413449917e-01,9.612129313256e-01
-1.189221603188e+00,5.612801428009e-01,-1.124830272647e+00,1.733355407895e+00,-5.206740494403e-01
-7.632405434638e-02,3.634536063497e-01,-3.226743760277e-01,7.671602581268e-01,-9.690765167178e-01
-3.185427701933e-01,-2.324190334121e-01,2.371322321170e-01,1.663913459831e+00,-2.742706756024e-01
6.899154949904e-01,-1.057191591929e+00,2.099261617703e+00,1.335300421403e-01,3.801403006963e-01
-1.464484135716e+00,-1.290246863732e-01,2.602701255128e-01,1.174633881195e+00,-5.279292101893e-01
2.276117650486e+00,6.624634123621e-01,8.001313470896e-01,1.154643566708e+00,-6.805269429668e-02
-1.569905351519e-01,9.109356689184e-01,-3.161037719760e-01,-5.855455469258e-01,4.664165848595e-01
4.151426877986e-01,6.894683326137e-01,7.812811065089e-01,5.284056384548e-02,-7.756173049344e-02
-1.220671910567e+00,1.754057181297e+00,1.521788442859e-01,-6.659286974308e-01,-3.099604004500e-02
7.439890326599e-01,-8.643514133543e-01,3.750974876735e-02,1.787550609776e+00,-1.378061367043e+00
3.765076183170e-01,-7.691335579571e-01,-1.287305706445e+00,2.620435666853e-01,1.193461133302e+00
-6.617682091417e-01,-5.748513035201e-02,1.319407615233e+00,-1.185432374789e-01,2.030614571894e+00
-6.913583881044e-01,-2.010895802710e+00,-5.526646117797e-01,-1.702504067823e+00,6.699928391620e-01
-8.106967023524e-01,3.591971739879e-01,-7.083039659619e-01,1.309718840640e+00,-1.895426554352e-01
-9.296303097504e-01,-9.125337555522e-01,1.339902165612e+00,-5.637269281702e-02,-1.193829651230e-01
-3.500962123676e-01,1.887054574282e+00,1.075245704910e+00,2.914795772764e-01,6.896506787336e-01
1.073529050923e+00,1.106128036257e+00,1.264303725326e+00,-5.803791312056e-01,6.022744432380e-01
1.232530671726e+00,6.920862727688e-01,1.332306473909e-01,1.227430414479e+00,6.275407386906e-01
1.265007214418e+00,9.109124042376e-01,9.858761117482e-01,1.077218268295e+00,1.140196213572e+00
-3.710386862741e-01,-7.968588846396e-01,-1.583225859271e+00,-6.047627875522e-01,-1.925305788364e+00
-5.959040400105e-01,4.173602900176e-01,3.542898301791e-01,1.729057417023e+00,-1.517717884652e+00
3.773617362822e-01,-6.864327831924e-02,-1.115938146932e+00,-9.930930933762e-01,-2.019479006984e+00
-1.369620912001e-01,4.332987177104e-01,-1.940159226283e+00,-5.130668318291e-01,-2.856603601131e-01
7.048698052484e-01,-1.507133950088e+00,-4.076393151209e-02,-8.535825906531e-01,-3.155678527328e-01
6.201865419482e-02,6.496206997088e-01,5.222773903697e-02,1.530784578240e+00,-1.204705590744e+00
